	id	chembl_cid1	chembl_cid2	core	sub1	sub2	pot1	pot2	dpot	thres	class	core_id	CGR	smi1	smi2
0	CHEMBL1271520-CHEMBL1272016	CHEMBL1271520	CHEMBL1272016	[R1]c1nc2c(cccc2o1)C(=O)NC3CN4CCC3CC4	[R1]N1CCOCC1	[R1]c1ccccc1OC	6.782516055786092	7.3251388592621876	0.5426228034760952	1.4718184200553623	-1	10.0	COc1ccccc1~c1(N2CCOCC2)nc2c(C(=O)NC3CN4CCC3CC4)cccc2o1	O=C(NC1CN2CCC1CC2)c1cccc2oc(N3CCOCC3)nc12	COc1ccccc1-c1nc2c(C(=O)NC3CN4CCC3CC4)cccc2o1
1	CHEMBL1271520-CHEMBL1272121	CHEMBL1271520	CHEMBL1272121	[R1]c1nc2c(cccc2o1)C(=O)NC3CN4CCC3CC4	[R1]N1CCOCC1	[R1]NCC	6.782516055786092	7.438898616350943	0.6563825605648503	1.4718184200553623	-1	10.0	CCN~c1(N2CCOCC2)nc2c(C(=O)NC3CN4CCC3CC4)cccc2o1	O=C(NC1CN2CCC1CC2)c1cccc2oc(N3CCOCC3)nc12	CCNc1nc2c(C(=O)NC3CN4CCC3CC4)cccc2o1
2	CHEMBL1272123-CHEMBL1271520	CHEMBL1271520	CHEMBL1272123	[R1]c1nc2c(cccc2o1)C(=O)NC3CN4CCC3CC4	[R1]N1CCOCC1	[R1]N(C)C(C)C	6.782516055786092	7.177178354696896	0.3946622989108039	1.4718184200553623	-1	10.0	CC(C)N(C)~c1(N2CCOCC2)nc2c(C(=O)NC3CN4CCC3CC4)cccc2o1	O=C(NC1CN2CCC1CC2)c1cccc2oc(N3CCOCC3)nc12	CC(C)N(C)c1nc2c(C(=O)NC3CN4CCC3CC4)cccc2o1
3	CHEMBL1272176-CHEMBL1271520	CHEMBL1271520	CHEMBL1272176	[R1]c1nc2c(cccc2o1)C(=O)NC3CN4CCC3CC4	[R1]N1CCOCC1	[R1]N(C)C	6.782516055786092	7.739928612014924	0.9574125562288316	1.4718184200553623	-1	10.0	CN(C)~c1(N2CCOCC2)nc2c(C(=O)NC3CN4CCC3CC4)cccc2o1	O=C(NC1CN2CCC1CC2)c1cccc2oc(N3CCOCC3)nc12	CN(C)c1nc2c(C(=O)NC3CN4CCC3CC4)cccc2o1
4	CHEMBL1271520-CHEMBL1272177	CHEMBL1271520	CHEMBL1272177	[R1]c1nc2c(cccc2o1)C(=O)NC3CN4CCC3CC4	[R1]N1CCOCC1	[R1]NC	6.782516055786092	7.438898616350943	0.6563825605648503	1.4718184200553623	-1	10.0	CN~c1(N2CCOCC2)nc2c(C(=O)NC3CN4CCC3CC4)cccc2o1	O=C(NC1CN2CCC1CC2)c1cccc2oc(N3CCOCC3)nc12	CNc1nc2c(C(=O)NC3CN4CCC3CC4)cccc2o1
5	CHEMBL1271790-CHEMBL1272016	CHEMBL1272016	CHEMBL1271790	[R1]c1nc2c(cccc2o1)C(=O)NC3CN4CCC3CC4	[R1]c1ccccc1OC	[R1]N1C(COCC1C)C	7.3251388592621876	8.167491087293763	0.8423522280315758	1.4718184200553623	-1	10.0	COc1ccccc1-c1(~N2C(C)COCC2C)nc2c(C(=O)NC3CN4CCC3CC4)cccc2o1	COc1ccccc1-c1nc2c(C(=O)NC3CN4CCC3CC4)cccc2o1	CC1COCC(C)N1c1nc2c(C(=O)NC3CN4CCC3CC4)cccc2o1
6	CHEMBL1271790-CHEMBL1272121	CHEMBL1272121	CHEMBL1271790	[R1]c1nc2c(cccc2o1)C(=O)NC3CN4CCC3CC4	[R1]NCC	[R1]N1C(COCC1C)C	7.438898616350943	8.167491087293763	0.7285924709428206	1.4718184200553623	-1	10.0	CCNc1(~N2C(C)COCC2C)nc2c(C(=O)NC3CN4CCC3CC4)cccc2o1	CCNc1nc2c(C(=O)NC3CN4CCC3CC4)cccc2o1	CC1COCC(C)N1c1nc2c(C(=O)NC3CN4CCC3CC4)cccc2o1
7	CHEMBL1272122-CHEMBL1271790	CHEMBL1272122	CHEMBL1271790	[R1]c1nc2c(cccc2o1)C(=O)NC3CN4CCC3CC4	[R1]N(CC)CC	[R1]N1C(COCC1C)C	7.9065783148377635	8.167491087293763	0.2609127724559998	1.4718184200553623	-1	10.0	CCN(CC)c1(~N2C(C)COCC2C)nc2c(C(=O)NC3CN4CCC3CC4)cccc2o1	CCN(CC)c1nc2c(C(=O)NC3CN4CCC3CC4)cccc2o1	CC1COCC(C)N1c1nc2c(C(=O)NC3CN4CCC3CC4)cccc2o1
8	CHEMBL1272123-CHEMBL1271790	CHEMBL1272123	CHEMBL1271790	[R1]c1nc2c(cccc2o1)C(=O)NC3CN4CCC3CC4	[R1]N(C)C(C)C	[R1]N1C(COCC1C)C	7.177178354696896	8.167491087293763	0.990312732596867	1.4718184200553623	-1	10.0	CC(C)N(C)c1(~N2C(C)COCC2C)nc2c(C(=O)NC3CN4CCC3CC4)cccc2o1	CC(C)N(C)c1nc2c(C(=O)NC3CN4CCC3CC4)cccc2o1	CC1COCC(C)N1c1nc2c(C(=O)NC3CN4CCC3CC4)cccc2o1
9	CHEMBL1272176-CHEMBL1271790	CHEMBL1272176	CHEMBL1271790	[R1]c1nc2c(cccc2o1)C(=O)NC3CN4CCC3CC4	[R1]N(C)C	[R1]N1C(COCC1C)C	7.739928612014924	8.167491087293763	0.4275624752788394	1.4718184200553623	-1	10.0	CC1COCC(C)N1~c1(N(C)C)nc2c(C(=O)NC3CN4CCC3CC4)cccc2o1	CN(C)c1nc2c(C(=O)NC3CN4CCC3CC4)cccc2o1	CC1COCC(C)N1c1nc2c(C(=O)NC3CN4CCC3CC4)cccc2o1
10	CHEMBL1271790-CHEMBL1272177	CHEMBL1272177	CHEMBL1271790	[R1]c1nc2c(cccc2o1)C(=O)NC3CN4CCC3CC4	[R1]NC	[R1]N1C(COCC1C)C	7.438898616350943	8.167491087293763	0.7285924709428206	1.4718184200553623	-1	10.0	CNc1(~N2C(C)COCC2C)nc2c(C(=O)NC3CN4CCC3CC4)cccc2o1	CNc1nc2c(C(=O)NC3CN4CCC3CC4)cccc2o1	CC1COCC(C)N1c1nc2c(C(=O)NC3CN4CCC3CC4)cccc2o1
11	CHEMBL1272178-CHEMBL1271790	CHEMBL1272178	CHEMBL1271790	[R1]c1nc2c(cccc2o1)C(=O)NC3CN4CCC3CC4	[R1]N	[R1]N1C(COCC1C)C	7.860120913598763	8.167491087293763	0.3073701736950003	1.4718184200553623	-1	10.0	CC1COCC(C)N1~c1(N)nc2c(C(=O)NC3CN4CCC3CC4)cccc2o1	Nc1nc2c(C(=O)NC3CN4CCC3CC4)cccc2o1	CC1COCC(C)N1c1nc2c(C(=O)NC3CN4CCC3CC4)cccc2o1
12	CHEMBL1272121-CHEMBL1272016	CHEMBL1272016	CHEMBL1272121	[R1]c1nc2c(cccc2o1)C(=O)NC3CN4CCC3CC4	[R1]c1ccccc1OC	[R1]NCC	7.3251388592621876	7.438898616350943	0.1137597570887551	1.4718184200553623	-1	10.0	CCN~c1(-c2ccccc2OC)nc2c(C(=O)NC3CN4CCC3CC4)cccc2o1	COc1ccccc1-c1nc2c(C(=O)NC3CN4CCC3CC4)cccc2o1	CCNc1nc2c(C(=O)NC3CN4CCC3CC4)cccc2o1
13	CHEMBL1272122-CHEMBL1272016	CHEMBL1272016	CHEMBL1272122	[R1]c1nc2c(cccc2o1)C(=O)NC3CN4CCC3CC4	[R1]c1ccccc1OC	[R1]N(CC)CC	7.3251388592621876	7.9065783148377635	0.5814394555755761	1.4718184200553623	-1	10.0	CCN(CC)~c1(-c2ccccc2OC)nc2c(C(=O)NC3CN4CCC3CC4)cccc2o1	COc1ccccc1-c1nc2c(C(=O)NC3CN4CCC3CC4)cccc2o1	CCN(CC)c1nc2c(C(=O)NC3CN4CCC3CC4)cccc2o1
14	CHEMBL1272123-CHEMBL1272016	CHEMBL1272123	CHEMBL1272016	[R1]c1nc2c(cccc2o1)C(=O)NC3CN4CCC3CC4	[R1]N(C)C(C)C	[R1]c1ccccc1OC	7.177178354696896	7.3251388592621876	0.1479605045652912	1.4718184200553623	-1	10.0	COc1ccccc1~c1(N(C)C(C)C)nc2c(C(=O)NC3CN4CCC3CC4)cccc2o1	CC(C)N(C)c1nc2c(C(=O)NC3CN4CCC3CC4)cccc2o1	COc1ccccc1-c1nc2c(C(=O)NC3CN4CCC3CC4)cccc2o1
15	CHEMBL1272176-CHEMBL1272016	CHEMBL1272016	CHEMBL1272176	[R1]c1nc2c(cccc2o1)C(=O)NC3CN4CCC3CC4	[R1]c1ccccc1OC	[R1]N(C)C	7.3251388592621876	7.739928612014924	0.4147897527527364	1.4718184200553623	-1	10.0	COc1ccccc1-c1(~N(C)C)nc2c(C(=O)NC3CN4CCC3CC4)cccc2o1	COc1ccccc1-c1nc2c(C(=O)NC3CN4CCC3CC4)cccc2o1	CN(C)c1nc2c(C(=O)NC3CN4CCC3CC4)cccc2o1
16	CHEMBL1272177-CHEMBL1272016	CHEMBL1272016	CHEMBL1272177	[R1]c1nc2c(cccc2o1)C(=O)NC3CN4CCC3CC4	[R1]c1ccccc1OC	[R1]NC	7.3251388592621876	7.438898616350943	0.1137597570887551	1.4718184200553623	-1	10.0	CN~c1(-c2ccccc2OC)nc2c(C(=O)NC3CN4CCC3CC4)cccc2o1	COc1ccccc1-c1nc2c(C(=O)NC3CN4CCC3CC4)cccc2o1	CNc1nc2c(C(=O)NC3CN4CCC3CC4)cccc2o1
17	CHEMBL1272178-CHEMBL1272016	CHEMBL1272016	CHEMBL1272178	[R1]c1nc2c(cccc2o1)C(=O)NC3CN4CCC3CC4	[R1]c1ccccc1OC	[R1]N	7.3251388592621876	7.860120913598763	0.5349820543365755	1.4718184200553623	-1	10.0	COc1ccccc1-c1(~N)nc2c(C(=O)NC3CN4CCC3CC4)cccc2o1	COc1ccccc1-c1nc2c(C(=O)NC3CN4CCC3CC4)cccc2o1	Nc1nc2c(C(=O)NC3CN4CCC3CC4)cccc2o1
18	CHEMBL1272123-CHEMBL1272121	CHEMBL1272123	CHEMBL1272121	[R1]c1nc2c(cccc2o1)C(=O)NC3CN4CCC3CC4	[R1]N(C)C(C)C	[R1]NCC	7.177178354696896	7.438898616350943	0.2617202616540464	1.4718184200553623	-1	10.0	CCN~c1(N(C)C(C)C)nc2c(C(=O)NC3CN4CCC3CC4)cccc2o1	CC(C)N(C)c1nc2c(C(=O)NC3CN4CCC3CC4)cccc2o1	CCNc1nc2c(C(=O)NC3CN4CCC3CC4)cccc2o1
19	CHEMBL1272176-CHEMBL1272121	CHEMBL1272121	CHEMBL1272176	[R1]c1nc2c(cccc2o1)C(=O)NC3CN4CCC3CC4	[R1]NCC	[R1]N(C)C	7.438898616350943	7.739928612014924	0.3010299956639812	1.4718184200553623	-1	10.0	CCNc1(~N(C)C)nc2c(C(=O)NC3CN4CCC3CC4)cccc2o1	CCNc1nc2c(C(=O)NC3CN4CCC3CC4)cccc2o1	CN(C)c1nc2c(C(=O)NC3CN4CCC3CC4)cccc2o1
20	CHEMBL1272177-CHEMBL1272121	CHEMBL1272177	CHEMBL1272121	[R1]Nc1nc2c(cccc2o1)C(=O)NC3CN4CCC3CC4	[R1]C	[R1]CC	7.438898616350943	7.438898616350943	0.0	1.4718184200553623	-1	9.0	CC~N(C)c1nc2c(C(=O)NC3CN4CCC3CC4)cccc2o1	CNc1nc2c(C(=O)NC3CN4CCC3CC4)cccc2o1	CCNc1nc2c(C(=O)NC3CN4CCC3CC4)cccc2o1
21	CHEMBL1272123-CHEMBL1272122	CHEMBL1272123	CHEMBL1272122	[R1]c1nc2c(cccc2o1)C(=O)NC3CN4CCC3CC4	[R1]N(C)C(C)C	[R1]N(CC)CC	7.177178354696896	7.9065783148377635	0.7293999601408672	1.4718184200553623	-1	10.0	CCN(CC)~c1(N(C)C(C)C)nc2c(C(=O)NC3CN4CCC3CC4)cccc2o1	CC(C)N(C)c1nc2c(C(=O)NC3CN4CCC3CC4)cccc2o1	CCN(CC)c1nc2c(C(=O)NC3CN4CCC3CC4)cccc2o1
22	CHEMBL1272176-CHEMBL1272122	CHEMBL1272176	CHEMBL1272122	[R1]c1nc2c(cccc2o1)C(=O)NC3CN4CCC3CC4	[R1]N(C)C	[R1]N(CC)CC	7.739928612014924	7.9065783148377635	0.1666497028228395	1.4718184200553623	-1	10.0	CCN(CC)~c1(N(C)C)nc2c(C(=O)NC3CN4CCC3CC4)cccc2o1	CN(C)c1nc2c(C(=O)NC3CN4CCC3CC4)cccc2o1	CCN(CC)c1nc2c(C(=O)NC3CN4CCC3CC4)cccc2o1
23	CHEMBL1272122-CHEMBL1272177	CHEMBL1272177	CHEMBL1272122	[R1]c1nc2c(cccc2o1)C(=O)NC3CN4CCC3CC4	[R1]NC	[R1]N(CC)CC	7.438898616350943	7.9065783148377635	0.4676796984868208	1.4718184200553623	-1	10.0	CCN(CC)~c1(NC)nc2c(C(=O)NC3CN4CCC3CC4)cccc2o1	CNc1nc2c(C(=O)NC3CN4CCC3CC4)cccc2o1	CCN(CC)c1nc2c(C(=O)NC3CN4CCC3CC4)cccc2o1
24	CHEMBL1272178-CHEMBL1272122	CHEMBL1272178	CHEMBL1272122	[R1]c1nc2c(cccc2o1)C(=O)NC3CN4CCC3CC4	[R1]N	[R1]N(CC)CC	7.860120913598763	7.9065783148377635	0.0464574012390004	1.4718184200553623	-1	10.0	CCN(CC)~c1(N)nc2c(C(=O)NC3CN4CCC3CC4)cccc2o1	Nc1nc2c(C(=O)NC3CN4CCC3CC4)cccc2o1	CCN(CC)c1nc2c(C(=O)NC3CN4CCC3CC4)cccc2o1
25	CHEMBL1272176-CHEMBL1272123	CHEMBL1272123	CHEMBL1272176	[R1]N(C)c1nc2c(cccc2o1)C(=O)NC3CN4CCC3CC4	[R1]C(C)C	[R1]C	7.177178354696896	7.739928612014924	0.5627502573180276	1.4718184200553623	-1	8.0	CC(C)N(C)(~C)c1nc2c(C(=O)NC3CN4CCC3CC4)cccc2o1	CC(C)N(C)c1nc2c(C(=O)NC3CN4CCC3CC4)cccc2o1	CN(C)c1nc2c(C(=O)NC3CN4CCC3CC4)cccc2o1
26	CHEMBL1272178-CHEMBL1272123	CHEMBL1272123	CHEMBL1272178	[R1]c1nc2c(cccc2o1)C(=O)NC3CN4CCC3CC4	[R1]N(C)C(C)C	[R1]N	7.177178354696896	7.860120913598763	0.6829425589018667	1.4718184200553623	-1	10.0	CC(C)N(C)c1(~N)nc2c(C(=O)NC3CN4CCC3CC4)cccc2o1	CC(C)N(C)c1nc2c(C(=O)NC3CN4CCC3CC4)cccc2o1	Nc1nc2c(C(=O)NC3CN4CCC3CC4)cccc2o1
27	CHEMBL1272178-CHEMBL1272176	CHEMBL1272176	CHEMBL1272178	[R1]c1nc2c(cccc2o1)C(=O)NC3CN4CCC3CC4	[R1]N(C)C	[R1]N	7.739928612014924	7.860120913598763	0.120192301583839	1.4718184200553623	-1	10.0	CN(C)c1(~N)nc2c(C(=O)NC3CN4CCC3CC4)cccc2o1	CN(C)c1nc2c(C(=O)NC3CN4CCC3CC4)cccc2o1	Nc1nc2c(C(=O)NC3CN4CCC3CC4)cccc2o1
28	CHEMBL1643883_CHEMBL1643884-CHEMBL1641625	CHEMBL1641625	CHEMBL1643883_CHEMBL1643884	[R1]n1c2cccc3c2c(n1)CN(C3=O)C4CN5CCC4CC5	[R1]CC(C)C	[R1]C	8.619788758288394	8.962226519303734	0.3424377610153399	1.4718184200553623	-1	7.0	CC(C)Cn1(~C)nc2c3c(cccc31)C(=O)N(C1CN3CCC1CC3)C2	CC(C)Cn1nc2c3c(cccc31)C(=O)N(C1CN3CCC1CC3)C2	Cn1nc2c3c(cccc31)C(=O)N(C1CN3CCC1CC3)C2
29	CHEMBL1643886_CHEMBL1643887-CHEMBL1641625	CHEMBL1641625	CHEMBL1643886_CHEMBL1643887	[R1]n1c2cccc3c2c(n1)CN(C3=O)C4CN5CCC4CC5	[R1]CC(C)C	[R1]CC	8.619788758288394	8.747425010840047	0.1276362525516532	1.4718184200553623	-1	7.0	CC~n1(CC(C)C)nc2c3c(cccc31)C(=O)N(C1CN3CCC1CC3)C2	CC(C)Cn1nc2c3c(cccc31)C(=O)N(C1CN3CCC1CC3)C2	CCn1nc2c3c(cccc31)C(=O)N(C1CN3CCC1CC3)C2
30	CHEMBL1643888_CHEMBL1643889-CHEMBL1641625	CHEMBL1643888_CHEMBL1643889	CHEMBL1641625	[R1]n1c2cccc3c2c(n1)CN(C3=O)C4CN5CCC4CC5	[R1]C(C)C	[R1]CC(C)C	8.54098483160756	8.619788758288394	0.078803926680834	1.4718184200553623	-1	7.0	CC(C)C~n1(C(C)C)nc2c3c(cccc31)C(=O)N(C1CN3CCC1CC3)C2	CC(C)n1nc2c3c(cccc31)C(=O)N(C1CN3CCC1CC3)C2	CC(C)Cn1nc2c3c(cccc31)C(=O)N(C1CN3CCC1CC3)C2
31	CHEMBL1641625-CHEMBL1643890	CHEMBL1643890	CHEMBL1641625	[R1]n1c2cccc3c2c(n1)CN(C3=O)C4CN5CCC4CC5	[R1]Cc1ccccc1	[R1]CC(C)C	8.148741651280925	8.619788758288394	0.4710471070074682	1.4718184200553623	-1	7.0	CC(C)C~n1(Cc2ccccc2)nc2c3c(cccc31)C(=O)N(C1CN3CCC1CC3)C2	O=C1c2cccc3c2c(nn3Cc2ccccc2)CN1C1CN2CCC1CC2	CC(C)Cn1nc2c3c(cccc31)C(=O)N(C1CN3CCC1CC3)C2
32	CHEMBL1643883_CHEMBL1643884-CHEMBL1643886_CHEMBL1643887	CHEMBL1643886_CHEMBL1643887	CHEMBL1643883_CHEMBL1643884	[R1]n1c2cccc3c2c(n1)CN(C3=O)C4CN5CCC4CC5	[R1]CC	[R1]C	8.747425010840047	8.962226519303734	0.2148015084636867	1.4718184200553623	-1	7.0	CCn1(~C)nc2c3c(cccc31)C(=O)N(C1CN3CCC1CC3)C2	CCn1nc2c3c(cccc31)C(=O)N(C1CN3CCC1CC3)C2	Cn1nc2c3c(cccc31)C(=O)N(C1CN3CCC1CC3)C2
33	CHEMBL1643883_CHEMBL1643884-CHEMBL1643888_CHEMBL1643889	CHEMBL1643888_CHEMBL1643889	CHEMBL1643883_CHEMBL1643884	[R1]n1c2cccc3c2c(n1)CN(C3=O)C4CN5CCC4CC5	[R1]C(C)C	[R1]C	8.54098483160756	8.962226519303734	0.421241687696174	1.4718184200553623	-1	7.0	CC(C)n1(~C)nc2c3c(cccc31)C(=O)N(C1CN3CCC1CC3)C2	CC(C)n1nc2c3c(cccc31)C(=O)N(C1CN3CCC1CC3)C2	Cn1nc2c3c(cccc31)C(=O)N(C1CN3CCC1CC3)C2
34	CHEMBL1643883_CHEMBL1643884-CHEMBL1643890	CHEMBL1643890	CHEMBL1643883_CHEMBL1643884	[R1]n1c2cccc3c2c(n1)CN(C3=O)C4CN5CCC4CC5	[R1]Cc1ccccc1	[R1]C	8.148741651280925	8.962226519303734	0.8134848680228082	1.4718184200553623	-1	7.0	C~n1(Cc2ccccc2)nc2c3c(cccc31)C(=O)N(C1CN3CCC1CC3)C2	O=C1c2cccc3c2c(nn3Cc2ccccc2)CN1C1CN2CCC1CC2	Cn1nc2c3c(cccc31)C(=O)N(C1CN3CCC1CC3)C2
35	CHEMBL1643888_CHEMBL1643889-CHEMBL1643886_CHEMBL1643887	CHEMBL1643888_CHEMBL1643889	CHEMBL1643886_CHEMBL1643887	[R1]n1c2cccc3c2c(n1)CN(C3=O)C4CN5CCC4CC5	[R1]C(C)C	[R1]CC	8.54098483160756	8.747425010840047	0.2064401792324872	1.4718184200553623	-1	7.0	CC~n1(C(C)C)nc2c3c(cccc31)C(=O)N(C1CN3CCC1CC3)C2	CC(C)n1nc2c3c(cccc31)C(=O)N(C1CN3CCC1CC3)C2	CCn1nc2c3c(cccc31)C(=O)N(C1CN3CCC1CC3)C2
36	CHEMBL1643886_CHEMBL1643887-CHEMBL1643890	CHEMBL1643890	CHEMBL1643886_CHEMBL1643887	[R1]n1c2cccc3c2c(n1)CN(C3=O)C4CN5CCC4CC5	[R1]Cc1ccccc1	[R1]CC	8.148741651280925	8.747425010840047	0.5986833595591214	1.4718184200553623	-1	7.0	CC~n1(Cc2ccccc2)nc2c3c(cccc31)C(=O)N(C1CN3CCC1CC3)C2	O=C1c2cccc3c2c(nn3Cc2ccccc2)CN1C1CN2CCC1CC2	CCn1nc2c3c(cccc31)C(=O)N(C1CN3CCC1CC3)C2
37	CHEMBL1643888_CHEMBL1643889-CHEMBL1643890	CHEMBL1643890	CHEMBL1643888_CHEMBL1643889	[R1]n1c2cccc3c2c(n1)CN(C3=O)C4CN5CCC4CC5	[R1]Cc1ccccc1	[R1]C(C)C	8.148741651280925	8.54098483160756	0.3922431803266342	1.4718184200553623	-1	7.0	CC(C)~n1(Cc2ccccc2)nc2c3c(cccc31)C(=O)N(C1CN3CCC1CC3)C2	O=C1c2cccc3c2c(nn3Cc2ccccc2)CN1C1CN2CCC1CC2	CC(C)n1nc2c3c(cccc31)C(=O)N(C1CN3CCC1CC3)C2
38	CHEMBL2181170-CHEMBL2181166	CHEMBL2181170	CHEMBL2181166	[R1]N1CCC(CC1)COc2c3cccnc3c4cccc(c4n2)F	[R1]CCC	[R1]CCCc1ccc(cc1)I	6.193141970481182	6.3872161432802645	0.1940741727990822	1.4718184200553623	-1	6.0	CCCN1(~CCCc2ccc(I)cc2)CCC(COc2nc3c(F)cccc3c3ncccc23)CC1	CCCN1CCC(COc2nc3c(F)cccc3c3ncccc23)CC1	Fc1cccc2c1nc(OCC1CCN(CCCc3ccc(I)cc3)CC1)c1cccnc12
39	CHEMBL3093186-CHEMBL2181166	CHEMBL3093186	CHEMBL2181166	[R1]N1CCC(CC1)COc2c3cccnc3c4cccc(c4n2)F	[R1]CCC(F)(F)F	[R1]CCCc1ccc(cc1)I	5.920818753952375	6.3872161432802645	0.4663973893278896	1.4718184200553623	-1	6.0	Fc1cccc2c1nc(OCC1CCN(CCC(F)(F)F)(~CCCc3ccc(I)cc3)CC1)c1cccnc12	Fc1cccc2c1nc(OCC1CCN(CCC(F)(F)F)CC1)c1cccnc12	Fc1cccc2c1nc(OCC1CCN(CCCc3ccc(I)cc3)CC1)c1cccnc12
40	CHEMBL3093187-CHEMBL2181166	CHEMBL3093187	CHEMBL2181166	[R1]N1CCC(CC1)COc2c3cccnc3c4cccc(c4n2)F	[R1]CCCC(F)(F)F	[R1]CCCc1ccc(cc1)I	5.585026652029182	6.3872161432802645	0.8021894912510827	1.4718184200553623	-1	6.0	Fc1cccc2c1nc(OCC1CCN(CCCC(F)(F)F)(~CCCc3ccc(I)cc3)CC1)c1cccnc12	Fc1cccc2c1nc(OCC1CCN(CCCC(F)(F)F)CC1)c1cccnc12	Fc1cccc2c1nc(OCC1CCN(CCCc3ccc(I)cc3)CC1)c1cccnc12
41	CHEMBL2181170-CHEMBL3093186	CHEMBL3093186	CHEMBL2181170	[R1]N1CCC(CC1)COc2c3cccnc3c4cccc(c4n2)F	[R1]CCC(F)(F)F	[R1]CCC	5.920818753952375	6.193141970481182	0.2723232165288074	1.4718184200553623	-1	6.0	CCC~N1(CCC(F)(F)F)CCC(COc2nc3c(F)cccc3c3ncccc23)CC1	Fc1cccc2c1nc(OCC1CCN(CCC(F)(F)F)CC1)c1cccnc12	CCCN1CCC(COc2nc3c(F)cccc3c3ncccc23)CC1
42	CHEMBL2181170-CHEMBL3093187	CHEMBL3093187	CHEMBL2181170	[R1]N1CCC(CC1)COc2c3cccnc3c4cccc(c4n2)F	[R1]CCCC(F)(F)F	[R1]CCC	5.585026652029182	6.193141970481182	0.6081153184520005	1.4718184200553623	-1	6.0	CCC~N1(CCCC(F)(F)F)CCC(COc2nc3c(F)cccc3c3ncccc23)CC1	Fc1cccc2c1nc(OCC1CCN(CCCC(F)(F)F)CC1)c1cccnc12	CCCN1CCC(COc2nc3c(F)cccc3c3ncccc23)CC1
43	CHEMBL2401750-CHEMBL2402899	CHEMBL2401750	CHEMBL2402899	[R1]N1CCC(CC1)CNC(=O)c2cccc3c2nc([nH]3)C(C)C	[R1]CC1CCN(CC1)C(=O)C	[R1]CCN1CCN(CC1)C(=O)C	4.0	4.399999967876858	0.399999967876858	1.4718184200553623	-1	5.0	CC(=O)N1CCC(CN2(~CCN3CCN(C(C)=O)CC3)CCC(CNC(=O)c3cccc4[nH]c(C(C)C)nc34)CC2)CC1	CC(=O)N1CCC(CN2CCC(CNC(=O)c3cccc4[nH]c(C(C)C)nc34)CC2)CC1	CC(=O)N1CCN(CCN2CCC(CNC(=O)c3cccc4[nH]c(C(C)C)nc34)CC2)CC1
44	CHEMBL2402900-CHEMBL2401750	CHEMBL2401750	CHEMBL2402900	[R1]N1CCC(CC1)CNC(=O)c2cccc3c2nc([nH]3)C(C)C	[R1]CC1CCN(CC1)C(=O)C	[R1]CC(CN(C)S(=O)(=O)C)O	4.0	4.100000018985305	0.1000000189853054	1.4718184200553623	-1	5.0	CC(=O)N1CCC(CN2(~CC(O)CN(C)S(C)(=O)=O)CCC(CNC(=O)c3cccc4[nH]c(C(C)C)nc34)CC2)CC1	CC(=O)N1CCC(CN2CCC(CNC(=O)c3cccc4[nH]c(C(C)C)nc34)CC2)CC1	CC(C)c1nc2c(C(=O)NCC3CCN(CC(O)CN(C)S(C)(=O)=O)CC3)cccc2[nH]1
45	CHEMBL2402901-CHEMBL2401750	CHEMBL2401750	CHEMBL2402901	[R1]N1CCC(CC1)CNC(=O)c2cccc3c2nc([nH]3)C(C)C	[R1]CC1CCN(CC1)C(=O)C	[R1]CC(CN(C)C(=O)OC)O	4.0	4.300000029139087	0.3000000291390874	1.4718184200553623	-1	5.0	COC(=O)N(C)CC(O)C~N1(CC2CCN(C(C)=O)CC2)CCC(CNC(=O)c2cccc3[nH]c(C(C)C)nc23)CC1	CC(=O)N1CCC(CN2CCC(CNC(=O)c3cccc4[nH]c(C(C)C)nc34)CC2)CC1	COC(=O)N(C)CC(O)CN1CCC(CNC(=O)c2cccc3[nH]c(C(C)C)nc23)CC1
46	CHEMBL2402902-CHEMBL2401750	CHEMBL2401750	CHEMBL2402902	[R1]N1CCC(CC1)CNC(=O)c2cccc3c2nc([nH]3)C(C)C	[R1]CC1CCN(CC1)C(=O)C	[R1]CC(CN(C)C(=O)C)O	4.0	4.200000030616178	0.2000000306161782	1.4718184200553623	-1	5.0	CC(=O)N(C)CC(O)C~N1(CC2CCN(C(C)=O)CC2)CCC(CNC(=O)c2cccc3[nH]c(C(C)C)nc23)CC1	CC(=O)N1CCC(CN2CCC(CNC(=O)c3cccc4[nH]c(C(C)C)nc34)CC2)CC1	CC(=O)N(C)CC(O)CN1CCC(CNC(=O)c2cccc3[nH]c(C(C)C)nc23)CC1
47	CHEMBL2401750-CHEMBL2402903	CHEMBL2401750	CHEMBL2402903	[R1]N1CCC(CC1)CN2CCC(CC2)CNC(=O)c3cccc4c3nc([nH]4)C(C)C	[R1]C(=O)C	[R1]S(=O)(=O)C	4.0	4.0	0.0	1.4718184200553623	-1	4.0	CC(=O)N1(~[SH](C)(=O)=O)CCC(CN2CCC(CNC(=O)c3cccc4[nH]c(C(C)C)nc34)CC2)CC1	CC(=O)N1CCC(CN2CCC(CNC(=O)c3cccc4[nH]c(C(C)C)nc34)CC2)CC1	CC(C)c1nc2c(C(=O)NCC3CCN(CC4CCN(S(C)(=O)=O)CC4)CC3)cccc2[nH]1
48	CHEMBL2401750-CHEMBL2402904	CHEMBL2401750	CHEMBL2402904	[R1]N1CCC(CC1)CN2CCC(CC2)CNC(=O)c3cccc4c3nc([nH]4)C(C)C	[R1]C(=O)C	[R1]C(=O)OC	4.0	4.0	0.0	1.4718184200553623	-1	4.0	COC(=O)~N1(C(C)=O)CCC(CN2CCC(CNC(=O)c3cccc4[nH]c(C(C)C)nc34)CC2)CC1	CC(=O)N1CCC(CN2CCC(CNC(=O)c3cccc4[nH]c(C(C)C)nc34)CC2)CC1	COC(=O)N1CCC(CN2CCC(CNC(=O)c3cccc4[nH]c(C(C)C)nc34)CC2)CC1
49	CHEMBL2402898-CHEMBL2402897	CHEMBL2402897	CHEMBL2402898	[R1]N1CCN(CC1)CCN2CCC(CC2)CNC(=O)c3cccc4c3nc([nH]4)C(C)C	[R1]S(=O)(=O)C	[R1]C(=O)OC	4.0	4.100000018985305	0.1000000189853054	1.4718184200553623	-1	3.0	COC(=O)~N1(S(C)(=O)=O)CCN(CCN2CCC(CNC(=O)c3cccc4[nH]c(C(C)C)nc34)CC2)CC1	CC(C)c1nc2c(C(=O)NCC3CCN(CCN4CCN(S(C)(=O)=O)CC4)CC3)cccc2[nH]1	COC(=O)N1CCN(CCN2CCC(CNC(=O)c3cccc4[nH]c(C(C)C)nc34)CC2)CC1
50	CHEMBL2402899-CHEMBL2402897	CHEMBL2402897	CHEMBL2402899	[R1]N1CCN(CC1)CCN2CCC(CC2)CNC(=O)c3cccc4c3nc([nH]4)C(C)C	[R1]S(=O)(=O)C	[R1]C(=O)C	4.0	4.399999967876858	0.399999967876858	1.4718184200553623	-1	3.0	CC(C)c1nc2c(C(=O)NCC3CCN(CCN4CCN(~C(C)=O)(S(C)(=O)=O)CC4)CC3)cccc2[nH]1	CC(C)c1nc2c(C(=O)NCC3CCN(CCN4CCN(S(C)(=O)=O)CC4)CC3)cccc2[nH]1	CC(=O)N1CCN(CCN2CCC(CNC(=O)c3cccc4[nH]c(C(C)C)nc34)CC2)CC1
51	CHEMBL2402899-CHEMBL2402898	CHEMBL2402898	CHEMBL2402899	[R1]N1CCN(CC1)CCN2CCC(CC2)CNC(=O)c3cccc4c3nc([nH]4)C(C)C	[R1]C(=O)OC	[R1]C(=O)C	4.100000018985305	4.399999967876858	0.2999999488915525	1.4718184200553623	-1	3.0	COC(=O)N1(~C(C)=O)CCN(CCN2CCC(CNC(=O)c3cccc4[nH]c(C(C)C)nc34)CC2)CC1	COC(=O)N1CCN(CCN2CCC(CNC(=O)c3cccc4[nH]c(C(C)C)nc34)CC2)CC1	CC(=O)N1CCN(CCN2CCC(CNC(=O)c3cccc4[nH]c(C(C)C)nc34)CC2)CC1
52	CHEMBL2402900-CHEMBL2402899	CHEMBL2402900	CHEMBL2402899	[R1]N1CCC(CC1)CNC(=O)c2cccc3c2nc([nH]3)C(C)C	[R1]CC(CN(C)S(=O)(=O)C)O	[R1]CCN1CCN(CC1)C(=O)C	4.100000018985305	4.399999967876858	0.2999999488915525	1.4718184200553623	-1	5.0	CC(=O)N1CCN(CC~N2(CC(O)CN(C)S(C)(=O)=O)CCC(CNC(=O)c3cccc4[nH]c(C(C)C)nc34)CC2)CC1	CC(C)c1nc2c(C(=O)NCC3CCN(CC(O)CN(C)S(C)(=O)=O)CC3)cccc2[nH]1	CC(=O)N1CCN(CCN2CCC(CNC(=O)c3cccc4[nH]c(C(C)C)nc34)CC2)CC1
53	CHEMBL2402901-CHEMBL2402899	CHEMBL2402901	CHEMBL2402899	[R1]N1CCC(CC1)CNC(=O)c2cccc3c2nc([nH]3)C(C)C	[R1]CC(CN(C)C(=O)OC)O	[R1]CCN1CCN(CC1)C(=O)C	4.300000029139087	4.399999967876858	0.0999999387377705	1.4718184200553623	-1	5.0	COC(=O)N(C)CC(O)CN1(~CCN2CCN(C(C)=O)CC2)CCC(CNC(=O)c2cccc3[nH]c(C(C)C)nc23)CC1	COC(=O)N(C)CC(O)CN1CCC(CNC(=O)c2cccc3[nH]c(C(C)C)nc23)CC1	CC(=O)N1CCN(CCN2CCC(CNC(=O)c3cccc4[nH]c(C(C)C)nc34)CC2)CC1
54	CHEMBL2402902-CHEMBL2402899	CHEMBL2402902	CHEMBL2402899	[R1]N1CCC(CC1)CNC(=O)c2cccc3c2nc([nH]3)C(C)C	[R1]CC(CN(C)C(=O)C)O	[R1]CCN1CCN(CC1)C(=O)C	4.200000030616178	4.399999967876858	0.1999999372606797	1.4718184200553623	-1	5.0	CC(=O)N(C)CC(O)CN1(~CCN2CCN(C(C)=O)CC2)CCC(CNC(=O)c2cccc3[nH]c(C(C)C)nc23)CC1	CC(=O)N(C)CC(O)CN1CCC(CNC(=O)c2cccc3[nH]c(C(C)C)nc23)CC1	CC(=O)N1CCN(CCN2CCC(CNC(=O)c3cccc4[nH]c(C(C)C)nc34)CC2)CC1
55	CHEMBL2402903-CHEMBL2402899	CHEMBL2402903	CHEMBL2402899	[R1]N1CCC(CC1)CNC(=O)c2cccc3c2nc([nH]3)C(C)C	[R1]CC1CCN(CC1)S(=O)(=O)C	[R1]CCN1CCN(CC1)C(=O)C	4.0	4.399999967876858	0.399999967876858	1.4718184200553623	-1	5.0	CC(=O)N1CCN(CC~N2(CC3CCN(S(C)(=O)=O)CC3)CCC(CNC(=O)c3cccc4[nH]c(C(C)C)nc34)CC2)CC1	CC(C)c1nc2c(C(=O)NCC3CCN(CC4CCN(S(C)(=O)=O)CC4)CC3)cccc2[nH]1	CC(=O)N1CCN(CCN2CCC(CNC(=O)c3cccc4[nH]c(C(C)C)nc34)CC2)CC1
56	CHEMBL2402904-CHEMBL2402899	CHEMBL2402904	CHEMBL2402899	[R1]N1CCC(CC1)CNC(=O)c2cccc3c2nc([nH]3)C(C)C	[R1]CC1CCN(CC1)C(=O)OC	[R1]CCN1CCN(CC1)C(=O)C	4.0	4.399999967876858	0.399999967876858	1.4718184200553623	-1	5.0	COC(=O)N1CCC(CN2(~CCN3CCN(C(C)=O)CC3)CCC(CNC(=O)c3cccc4[nH]c(C(C)C)nc34)CC2)CC1	COC(=O)N1CCC(CN2CCC(CNC(=O)c3cccc4[nH]c(C(C)C)nc34)CC2)CC1	CC(=O)N1CCN(CCN2CCC(CNC(=O)c3cccc4[nH]c(C(C)C)nc34)CC2)CC1
57	CHEMBL2402901-CHEMBL2402900	CHEMBL2402900	CHEMBL2402901	[R1]N(C)CC(CN1CCC(CC1)CNC(=O)c2cccc3c2nc([nH]3)C(C)C)O	[R1]S(=O)(=O)C	[R1]C(=O)OC	4.100000018985305	4.300000029139087	0.200000010153782	1.4718184200553623	-1	2.0	COC(=O)~N(C)(CC(O)CN1CCC(CNC(=O)c2cccc3[nH]c(C(C)C)nc23)CC1)S(C)(=O)=O	CC(C)c1nc2c(C(=O)NCC3CCN(CC(O)CN(C)S(C)(=O)=O)CC3)cccc2[nH]1	COC(=O)N(C)CC(O)CN1CCC(CNC(=O)c2cccc3[nH]c(C(C)C)nc23)CC1
58	CHEMBL2402902-CHEMBL2402900	CHEMBL2402900	CHEMBL2402902	[R1]N(C)CC(CN1CCC(CC1)CNC(=O)c2cccc3c2nc([nH]3)C(C)C)O	[R1]S(=O)(=O)C	[R1]C(=O)C	4.100000018985305	4.200000030616178	0.1000000116308728	1.4718184200553623	-1	2.0	CC(C)c1nc2c(C(=O)NCC3CCN(CC(O)CN(C)(~C(C)=O)S(C)(=O)=O)CC3)cccc2[nH]1	CC(C)c1nc2c(C(=O)NCC3CCN(CC(O)CN(C)S(C)(=O)=O)CC3)cccc2[nH]1	CC(=O)N(C)CC(O)CN1CCC(CNC(=O)c2cccc3[nH]c(C(C)C)nc23)CC1
59	CHEMBL2402900-CHEMBL2402903	CHEMBL2402903	CHEMBL2402900	[R1]N1CCC(CC1)CNC(=O)c2cccc3c2nc([nH]3)C(C)C	[R1]CC1CCN(CC1)S(=O)(=O)C	[R1]CC(CN(C)S(=O)(=O)C)O	4.0	4.100000018985305	0.1000000189853054	1.4718184200553623	-1	5.0	CC(C)c1nc2c(C(=O)NCC3CCN(CC4CCN(S(C)(=O)=O)CC4)(~CC(O)CN(C)S(C)(=O)=O)CC3)cccc2[nH]1	CC(C)c1nc2c(C(=O)NCC3CCN(CC4CCN(S(C)(=O)=O)CC4)CC3)cccc2[nH]1	CC(C)c1nc2c(C(=O)NCC3CCN(CC(O)CN(C)S(C)(=O)=O)CC3)cccc2[nH]1
60	CHEMBL2402900-CHEMBL2402904	CHEMBL2402904	CHEMBL2402900	[R1]N1CCC(CC1)CNC(=O)c2cccc3c2nc([nH]3)C(C)C	[R1]CC1CCN(CC1)C(=O)OC	[R1]CC(CN(C)S(=O)(=O)C)O	4.0	4.100000018985305	0.1000000189853054	1.4718184200553623	-1	5.0	COC(=O)N1CCC(CN2(~CC(O)CN(C)S(C)(=O)=O)CCC(CNC(=O)c3cccc4[nH]c(C(C)C)nc34)CC2)CC1	COC(=O)N1CCC(CN2CCC(CNC(=O)c3cccc4[nH]c(C(C)C)nc34)CC2)CC1	CC(C)c1nc2c(C(=O)NCC3CCN(CC(O)CN(C)S(C)(=O)=O)CC3)cccc2[nH]1
61	CHEMBL2402902-CHEMBL2402901	CHEMBL2402902	CHEMBL2402901	[R1]N(C)CC(CN1CCC(CC1)CNC(=O)c2cccc3c2nc([nH]3)C(C)C)O	[R1]C(=O)C	[R1]C(=O)OC	4.200000030616178	4.300000029139087	0.0999999985229092	1.4718184200553623	-1	2.0	COC(=O)~N(C)(CC(O)CN1CCC(CNC(=O)c2cccc3[nH]c(C(C)C)nc23)CC1)C(C)=O	CC(=O)N(C)CC(O)CN1CCC(CNC(=O)c2cccc3[nH]c(C(C)C)nc23)CC1	COC(=O)N(C)CC(O)CN1CCC(CNC(=O)c2cccc3[nH]c(C(C)C)nc23)CC1
62	CHEMBL2402901-CHEMBL2402903	CHEMBL2402903	CHEMBL2402901	[R1]N1CCC(CC1)CNC(=O)c2cccc3c2nc([nH]3)C(C)C	[R1]CC1CCN(CC1)S(=O)(=O)C	[R1]CC(CN(C)C(=O)OC)O	4.0	4.300000029139087	0.3000000291390874	1.4718184200553623	-1	5.0	COC(=O)N(C)CC(O)C~N1(CC2CCN(S(C)(=O)=O)CC2)CCC(CNC(=O)c2cccc3[nH]c(C(C)C)nc23)CC1	CC(C)c1nc2c(C(=O)NCC3CCN(CC4CCN(S(C)(=O)=O)CC4)CC3)cccc2[nH]1	COC(=O)N(C)CC(O)CN1CCC(CNC(=O)c2cccc3[nH]c(C(C)C)nc23)CC1
63	CHEMBL2402901-CHEMBL2402904	CHEMBL2402904	CHEMBL2402901	[R1]N1CCC(CC1)CNC(=O)c2cccc3c2nc([nH]3)C(C)C	[R1]CC1CCN(CC1)C(=O)OC	[R1]CC(CN(C)C(=O)OC)O	4.0	4.300000029139087	0.3000000291390874	1.4718184200553623	-1	5.0	COC(=O)N(C)CC(O)C~N1(CC2CCN(C(=O)OC)CC2)CCC(CNC(=O)c2cccc3[nH]c(C(C)C)nc23)CC1	COC(=O)N1CCC(CN2CCC(CNC(=O)c3cccc4[nH]c(C(C)C)nc34)CC2)CC1	COC(=O)N(C)CC(O)CN1CCC(CNC(=O)c2cccc3[nH]c(C(C)C)nc23)CC1
64	CHEMBL2402902-CHEMBL2402903	CHEMBL2402903	CHEMBL2402902	[R1]N1CCC(CC1)CNC(=O)c2cccc3c2nc([nH]3)C(C)C	[R1]CC1CCN(CC1)S(=O)(=O)C	[R1]CC(CN(C)C(=O)C)O	4.0	4.200000030616178	0.2000000306161782	1.4718184200553623	-1	5.0	CC(=O)N(C)CC(O)C~N1(CC2CCN(S(C)(=O)=O)CC2)CCC(CNC(=O)c2cccc3[nH]c(C(C)C)nc23)CC1	CC(C)c1nc2c(C(=O)NCC3CCN(CC4CCN(S(C)(=O)=O)CC4)CC3)cccc2[nH]1	CC(=O)N(C)CC(O)CN1CCC(CNC(=O)c2cccc3[nH]c(C(C)C)nc23)CC1
65	CHEMBL2402902-CHEMBL2402904	CHEMBL2402904	CHEMBL2402902	[R1]N1CCC(CC1)CNC(=O)c2cccc3c2nc([nH]3)C(C)C	[R1]CC1CCN(CC1)C(=O)OC	[R1]CC(CN(C)C(=O)C)O	4.0	4.200000030616178	0.2000000306161782	1.4718184200553623	-1	5.0	COC(=O)N1CCC(CN2(~CC(O)CN(C)C(C)=O)CCC(CNC(=O)c3cccc4[nH]c(C(C)C)nc34)CC2)CC1	COC(=O)N1CCC(CN2CCC(CNC(=O)c3cccc4[nH]c(C(C)C)nc34)CC2)CC1	CC(=O)N(C)CC(O)CN1CCC(CNC(=O)c2cccc3[nH]c(C(C)C)nc23)CC1
66	CHEMBL2402904-CHEMBL2402903	CHEMBL2402904	CHEMBL2402903	[R1]N1CCC(CC1)CN2CCC(CC2)CNC(=O)c3cccc4c3nc([nH]4)C(C)C	[R1]C(=O)OC	[R1]S(=O)(=O)C	4.0	4.0	0.0	1.4718184200553623	-1	4.0	COC(=O)N1(~[SH](C)(=O)=O)CCC(CN2CCC(CNC(=O)c3cccc4[nH]c(C(C)C)nc34)CC2)CC1	COC(=O)N1CCC(CN2CCC(CNC(=O)c3cccc4[nH]c(C(C)C)nc34)CC2)CC1	CC(C)c1nc2c(C(=O)NCC3CCN(CC4CCN(S(C)(=O)=O)CC4)CC3)cccc2[nH]1
67	CHEMBL3084759-CHEMBL3084760	CHEMBL3084759	CHEMBL3084760	[R1]c1nc2cccc(c2o1)C(=O)NC3CC4CCCC(C3)N4C	[R1]c1ccc(cc1)Cl	[R1]c1ccc(cc1)OC	7.131943638176957	7.232844133917816	0.100900495740861	1.4718184200553623	-1	1.0	COc1ccc(~c2(-c3ccc(Cl)cc3)nc3cccc(C(=O)NC4CC5CCCC(C4)N5C)c3o2)cc1	CN1C2CCCC1CC(NC(=O)c1cccc3nc(-c4ccc(Cl)cc4)oc13)C2	COc1ccc(-c2nc3cccc(C(=O)NC4CC5CCCC(C4)N5C)c3o2)cc1
68	CHEMBL3084759-CHEMBL3084783	CHEMBL3084759	CHEMBL3084783	[R1]c1nc2cccc(c2o1)C(=O)NC3CC4CCCC(C3)N4C	[R1]c1ccc(cc1)Cl	[R1]c1ccccc1	7.131943638176957	7.393618634889394	0.2616749967124372	1.4718184200553623	-1	1.0	CN1C2CCCC1CC(NC(=O)c1cccc3nc(-c4ccc(Cl)cc4)(~c4ccccc4)oc13)C2	CN1C2CCCC1CC(NC(=O)c1cccc3nc(-c4ccc(Cl)cc4)oc13)C2	CN1C2CCCC1CC(NC(=O)c1cccc3nc(-c4ccccc4)oc13)C2
69	CHEMBL3084759-CHEMBL3084784	CHEMBL3084784	CHEMBL3084759	[R1]c1nc2cccc(c2o1)C(=O)NC3CC4CCCC(C3)N4C	[R1]c1ccc(cc1)F	[R1]c1ccc(cc1)Cl	7.022733787572707	7.131943638176957	0.10920985060425	1.4718184200553623	-1	1.0	CN1C2CCCC1CC(NC(=O)c1cccc3nc(-c4ccc(F)cc4)(~c4ccc(Cl)cc4)oc13)C2	CN1C2CCCC1CC(NC(=O)c1cccc3nc(-c4ccc(F)cc4)oc13)C2	CN1C2CCCC1CC(NC(=O)c1cccc3nc(-c4ccc(Cl)cc4)oc13)C2
70	CHEMBL3084784-CHEMBL3084760	CHEMBL3084784	CHEMBL3084760	[R1]c1nc2cccc(c2o1)C(=O)NC3CC4CCCC(C3)N4C	[R1]c1ccc(cc1)F	[R1]c1ccc(cc1)OC	7.022733787572707	7.232844133917816	0.21011034634511105	1.4718184200553623	-1	1.0	COc1ccc(~c2(-c3ccc(F)cc3)nc3cccc(C(=O)NC4CC5CCCC(C4)N5C)c3o2)cc1	CN1C2CCCC1CC(NC(=O)c1cccc3nc(-c4ccc(F)cc4)oc13)C2	COc1ccc(-c2nc3cccc(C(=O)NC4CC5CCCC(C4)N5C)c3o2)cc1
71	CHEMBL3084761-CHEMBL3084762_CHEMBL3084763	CHEMBL3084761	CHEMBL3084762_CHEMBL3084763	[R1]c1nc2c(cccc2o1)C(=O)NC3CC4CCCC(C3)N4C	[R1]N1CCOCC1	[R1]N1CCOCC1C	7.397940008672037	7.461399651509407	0.0634596428373708	1.4718184200553623	-1	0.0	CC1COCCN1~c1(N2CCOCC2)nc2c(C(=O)NC3CC4CCCC(C3)N4C)cccc2o1	CN1C2CCCC1CC(NC(=O)c1cccc3oc(N4CCOCC4)nc13)C2	CC1COCCN1c1nc2c(C(=O)NC3CC4CCCC(C3)N4C)cccc2o1
72	CHEMBL3084761-CHEMBL3084764	CHEMBL3084761	CHEMBL3084764	[R1]c1nc2c(cccc2o1)C(=O)NC3CC4CCCC(C3)N4C	[R1]N1CCOCC1	[R1]N1CCOCC1CC	7.397940008672037	8.337242168318426	0.9393021596463892	1.4718184200553623	-1	0.0	CCC1COCCN1~c1(N2CCOCC2)nc2c(C(=O)NC3CC4CCCC(C3)N4C)cccc2o1	CN1C2CCCC1CC(NC(=O)c1cccc3oc(N4CCOCC4)nc13)C2	CCC1COCCN1c1nc2c(C(=O)NC3CC4CCCC(C3)N4C)cccc2o1
73	CHEMBL3084761-CHEMBL3084766	CHEMBL3084761	CHEMBL3084766	[R1]c1nc2c(cccc2o1)C(=O)NC3CC4CCCC(C3)N4C	[R1]N1CCOCC1	[R1]N1CCOCC1C(C)C	7.397940008672037	8.301029995663981	0.9030899869919446	1.4718184200553623	-1	0.0	CC(C)C1COCCN1~c1(N2CCOCC2)nc2c(C(=O)NC3CC4CCCC(C3)N4C)cccc2o1	CN1C2CCCC1CC(NC(=O)c1cccc3oc(N4CCOCC4)nc13)C2	CC(C)C1COCCN1c1nc2c(C(=O)NC3CC4CCCC(C3)N4C)cccc2o1
74	CHEMBL3084769-CHEMBL3084761	CHEMBL3084761	CHEMBL3084769	[R1]c1nc2c(cccc2o1)C(=O)NC3CC4CCCC(C3)N4C	[R1]N1CCOCC1	[R1]N1C(COCC1C)C	7.397940008672037	9.221848749616356	1.8239087409443195	1.4718184200553623	1	0.0	CC1COCC(C)N1~c1(N2CCOCC2)nc2c(C(=O)NC3CC4CCCC(C3)N4C)cccc2o1	CN1C2CCCC1CC(NC(=O)c1cccc3oc(N4CCOCC4)nc13)C2	CC1COCC(C)N1c1nc2c(C(=O)NC3CC4CCCC(C3)N4C)cccc2o1
75	CHEMBL3084770-CHEMBL3084761	CHEMBL3084761	CHEMBL3084770	[R1]c1nc2c(cccc2o1)C(=O)NC3CC4CCCC(C3)N4C	[R1]N1CCOCC1	[R1]N1C(COCC1CC)C	7.397940008672037	9.0	1.6020599913279634	1.4718184200553623	1	0.0	CCC1COCC(C)N1~c1(N2CCOCC2)nc2c(C(=O)NC3CC4CCCC(C3)N4C)cccc2o1	CN1C2CCCC1CC(NC(=O)c1cccc3oc(N4CCOCC4)nc13)C2	CCC1COCC(C)N1c1nc2c(C(=O)NC3CC4CCCC(C3)N4C)cccc2o1
76	CHEMBL3084771-CHEMBL3084761	CHEMBL3084761	CHEMBL3084771	[R1]c1nc2c(cccc2o1)C(=O)NC3CC4CCCC(C3)N4C	[R1]N1CCOCC1	[R1]N1CC(OC(C1)C)C	7.397940008672037	7.452225294612178	0.054285285940141	1.4718184200553623	-1	0.0	CC1CN(~c2(N3CCOCC3)nc3c(C(=O)NC4CC5CCCC(C4)N5C)cccc3o2)CC(C)O1	CN1C2CCCC1CC(NC(=O)c1cccc3oc(N4CCOCC4)nc13)C2	CC1CN(c2nc3c(C(=O)NC4CC5CCCC(C4)N5C)cccc3o2)CC(C)O1
77	CHEMBL3084772-CHEMBL3084761	CHEMBL3084772	CHEMBL3084761	[R1]c1nc2c(cccc2o1)C(=O)NC3CC4CCCC(C3)N4C	[R1]N1CCNCC1	[R1]N1CCOCC1	7.141462802430363	7.397940008672037	0.2564772062416747	1.4718184200553623	-1	0.0	CN1C2CCCC1CC(NC(=O)c1cccc3oc(N4CCNCC4)(~N4CCOCC4)nc13)C2	CN1C2CCCC1CC(NC(=O)c1cccc3oc(N4CCNCC4)nc13)C2	CN1C2CCCC1CC(NC(=O)c1cccc3oc(N4CCOCC4)nc13)C2
78	CHEMBL3084773-CHEMBL3084761	CHEMBL3084761	CHEMBL3084773	[R1]c1nc2c(cccc2o1)C(=O)NC3CC4CCCC(C3)N4C	[R1]N1CCOCC1	[R1]N1CCNCC1C	7.397940008672037	7.782516055786092	0.3845760471140558	1.4718184200553623	-1	0.0	CC1CNCCN1~c1(N2CCOCC2)nc2c(C(=O)NC3CC4CCCC(C3)N4C)cccc2o1	CN1C2CCCC1CC(NC(=O)c1cccc3oc(N4CCOCC4)nc13)C2	CC1CNCCN1c1nc2c(C(=O)NC3CC4CCCC(C3)N4C)cccc2o1
79	CHEMBL3084761-CHEMBL3084777	CHEMBL3084761	CHEMBL3084777	[R1]c1nc2c(cccc2o1)C(=O)NC3CC4CCCC(C3)N4C	[R1]N1CCOCC1	[R1]c1ccccc1OC	7.397940008672037	7.826813731587727	0.4288737229156902	1.4718184200553623	-1	0.0	COc1ccccc1~c1(N2CCOCC2)nc2c(C(=O)NC3CC4CCCC(C3)N4C)cccc2o1	CN1C2CCCC1CC(NC(=O)c1cccc3oc(N4CCOCC4)nc13)C2	COc1ccccc1-c1nc2c(C(=O)NC3CC4CCCC(C3)N4C)cccc2o1
80	CHEMBL3084761-CHEMBL3084779	CHEMBL3084761	CHEMBL3084779	[R1]c1nc2c(cccc2o1)C(=O)NC3CC4CCCC(C3)N4C	[R1]N1CCOCC1	[R1]c1ccccc1	7.397940008672037	7.82102305270683	0.4230830440347937	1.4718184200553623	-1	0.0	CN1C2CCCC1CC(NC(=O)c1cccc3oc(~c4ccccc4)(N4CCOCC4)nc13)C2	CN1C2CCCC1CC(NC(=O)c1cccc3oc(N4CCOCC4)nc13)C2	CN1C2CCCC1CC(NC(=O)c1cccc3oc(-c4ccccc4)nc13)C2
81	CHEMBL3084761-CHEMBL3084780	CHEMBL3084761	CHEMBL3084780	[R1]c1nc2c(cccc2o1)C(=O)NC3CC4CCCC(C3)N4C	[R1]N1CCOCC1	[R1]c1ccc(cc1)F	7.397940008672037	7.787812395596043	0.3898723869240061	1.4718184200553623	-1	0.0	CN1C2CCCC1CC(NC(=O)c1cccc3oc(~c4ccc(F)cc4)(N4CCOCC4)nc13)C2	CN1C2CCCC1CC(NC(=O)c1cccc3oc(N4CCOCC4)nc13)C2	CN1C2CCCC1CC(NC(=O)c1cccc3oc(-c4ccc(F)cc4)nc13)C2
82	CHEMBL3084761-CHEMBL3084781	CHEMBL3084761	CHEMBL3084781	[R1]c1nc2c(cccc2o1)C(=O)NC3CC4CCCC(C3)N4C	[R1]N1CCOCC1	[R1]c1ccc(cc1)Cl	7.397940008672037	7.744727494896692	0.34678748622465605	1.4718184200553623	-1	0.0	CN1C2CCCC1CC(NC(=O)c1cccc3oc(~c4ccc(Cl)cc4)(N4CCOCC4)nc13)C2	CN1C2CCCC1CC(NC(=O)c1cccc3oc(N4CCOCC4)nc13)C2	CN1C2CCCC1CC(NC(=O)c1cccc3oc(-c4ccc(Cl)cc4)nc13)C2
83	CHEMBL3084761-CHEMBL3084782	CHEMBL3084761	CHEMBL3084782	[R1]c1nc2c(cccc2o1)C(=O)NC3CC4CCCC(C3)N4C	[R1]N1CCOCC1	[R1]c1ccc(cc1)OC	7.397940008672037	7.72584215073632	0.3279021420642838	1.4718184200553623	-1	0.0	COc1ccc(~c2(N3CCOCC3)nc3c(C(=O)NC4CC5CCCC(C4)N5C)cccc3o2)cc1	CN1C2CCCC1CC(NC(=O)c1cccc3oc(N4CCOCC4)nc13)C2	COc1ccc(-c2nc3c(C(=O)NC4CC5CCCC(C4)N5C)cccc3o2)cc1
84	CHEMBL3084762_CHEMBL3084763-CHEMBL3084764	CHEMBL3084762_CHEMBL3084763	CHEMBL3084764	[R1]c1nc2c(cccc2o1)C(=O)NC3CC4CCCC(C3)N4C	[R1]N1CCOCC1C	[R1]N1CCOCC1CC	7.461399651509407	8.337242168318426	0.8758425168090183	1.4718184200553623	-1	0.0	CCC1COCCN1~c1(N2CCOCC2C)nc2c(C(=O)NC3CC4CCCC(C3)N4C)cccc2o1	CC1COCCN1c1nc2c(C(=O)NC3CC4CCCC(C3)N4C)cccc2o1	CCC1COCCN1c1nc2c(C(=O)NC3CC4CCCC(C3)N4C)cccc2o1
85	CHEMBL3084762_CHEMBL3084763-CHEMBL3084765	CHEMBL3084762_CHEMBL3084763	CHEMBL3084765	[R1]c1nc2c(cccc2o1)C(=O)NC3CC4CCCC(C3)N4C	[R1]N1CCOCC1C	[R1]N1CCOCC1CCC	7.461399651509407	8.4089353929735	0.947535741464093	1.4718184200553623	-1	0.0	CCCC1COCCN1~c1(N2CCOCC2C)nc2c(C(=O)NC3CC4CCCC(C3)N4C)cccc2o1	CC1COCCN1c1nc2c(C(=O)NC3CC4CCCC(C3)N4C)cccc2o1	CCCC1COCCN1c1nc2c(C(=O)NC3CC4CCCC(C3)N4C)cccc2o1
86	CHEMBL3084762_CHEMBL3084763-CHEMBL3084766	CHEMBL3084762_CHEMBL3084763	CHEMBL3084766	[R1]c1nc2c(cccc2o1)C(=O)NC3CC4CCCC(C3)N4C	[R1]N1CCOCC1C	[R1]N1CCOCC1C(C)C	7.461399651509407	8.301029995663981	0.8396303441545738	1.4718184200553623	-1	0.0	CC(C)C1COCCN1~c1(N2CCOCC2C)nc2c(C(=O)NC3CC4CCCC(C3)N4C)cccc2o1	CC1COCCN1c1nc2c(C(=O)NC3CC4CCCC(C3)N4C)cccc2o1	CC(C)C1COCCN1c1nc2c(C(=O)NC3CC4CCCC(C3)N4C)cccc2o1
87	CHEMBL3084762_CHEMBL3084763-CHEMBL3084767	CHEMBL3084762_CHEMBL3084763	CHEMBL3084767	[R1]c1nc2c(cccc2o1)C(=O)NC3CC4CCCC(C3)N4C	[R1]N1CCOCC1C	[R1]N1CCOCC1CC(C)C	7.461399651509407	8.455931955649724	0.9945323041403168	1.4718184200553623	-1	0.0	CC(C)CC1COCCN1~c1(N2CCOCC2C)nc2c(C(=O)NC3CC4CCCC(C3)N4C)cccc2o1	CC1COCCN1c1nc2c(C(=O)NC3CC4CCCC(C3)N4C)cccc2o1	CC(C)CC1COCCN1c1nc2c(C(=O)NC3CC4CCCC(C3)N4C)cccc2o1
88	CHEMBL3084769-CHEMBL3084762_CHEMBL3084763	CHEMBL3084762_CHEMBL3084763	CHEMBL3084769	[R1]c1nc2c(cccc2o1)C(=O)NC3CC4CCCC(C3)N4C	[R1]N1CCOCC1C	[R1]N1C(COCC1C)C	7.461399651509407	9.221848749616356	1.7604490981069487	1.4718184200553623	1	0.0	CC1COCCN1c1(~N2C(C)COCC2C)nc2c(C(=O)NC3CC4CCCC(C3)N4C)cccc2o1	CC1COCCN1c1nc2c(C(=O)NC3CC4CCCC(C3)N4C)cccc2o1	CC1COCC(C)N1c1nc2c(C(=O)NC3CC4CCCC(C3)N4C)cccc2o1
89	CHEMBL3084770-CHEMBL3084762_CHEMBL3084763	CHEMBL3084762_CHEMBL3084763	CHEMBL3084770	[R1]c1nc2c(cccc2o1)C(=O)NC3CC4CCCC(C3)N4C	[R1]N1CCOCC1C	[R1]N1C(COCC1CC)C	7.461399651509407	9.0	1.5386003484905926	1.4718184200553623	1	0.0	CCC1COCC(C)N1~c1(N2CCOCC2C)nc2c(C(=O)NC3CC4CCCC(C3)N4C)cccc2o1	CC1COCCN1c1nc2c(C(=O)NC3CC4CCCC(C3)N4C)cccc2o1	CCC1COCC(C)N1c1nc2c(C(=O)NC3CC4CCCC(C3)N4C)cccc2o1
90	CHEMBL3084771-CHEMBL3084762_CHEMBL3084763	CHEMBL3084771	CHEMBL3084762_CHEMBL3084763	[R1]c1nc2c(cccc2o1)C(=O)NC3CC4CCCC(C3)N4C	[R1]N1CC(OC(C1)C)C	[R1]N1CCOCC1C	7.452225294612178	7.461399651509407	0.0091743568972297	1.4718184200553623	-1	0.0	CC1CN(c2(~N3CCOCC3C)nc3c(C(=O)NC4CC5CCCC(C4)N5C)cccc3o2)CC(C)O1	CC1CN(c2nc3c(C(=O)NC4CC5CCCC(C4)N5C)cccc3o2)CC(C)O1	CC1COCCN1c1nc2c(C(=O)NC3CC4CCCC(C3)N4C)cccc2o1
91	CHEMBL3084772-CHEMBL3084762_CHEMBL3084763	CHEMBL3084772	CHEMBL3084762_CHEMBL3084763	[R1]c1nc2c(cccc2o1)C(=O)NC3CC4CCCC(C3)N4C	[R1]N1CCNCC1	[R1]N1CCOCC1C	7.141462802430363	7.461399651509407	0.3199368490790455	1.4718184200553623	-1	0.0	CC1COCCN1~c1(N2CCNCC2)nc2c(C(=O)NC3CC4CCCC(C3)N4C)cccc2o1	CN1C2CCCC1CC(NC(=O)c1cccc3oc(N4CCNCC4)nc13)C2	CC1COCCN1c1nc2c(C(=O)NC3CC4CCCC(C3)N4C)cccc2o1
92	CHEMBL3084773-CHEMBL3084762_CHEMBL3084763	CHEMBL3084762_CHEMBL3084763	CHEMBL3084773	[R1]c1nc2c(cccc2o1)C(=O)NC3CC4CCCC(C3)N4C	[R1]N1CCOCC1C	[R1]N1CCNCC1C	7.461399651509407	7.782516055786092	0.32111640427668503	1.4718184200553623	-1	0.0	CC1COCCN1c1(~N2CCNCC2C)nc2c(C(=O)NC3CC4CCCC(C3)N4C)cccc2o1	CC1COCCN1c1nc2c(C(=O)NC3CC4CCCC(C3)N4C)cccc2o1	CC1CNCCN1c1nc2c(C(=O)NC3CC4CCCC(C3)N4C)cccc2o1
93	CHEMBL3084762_CHEMBL3084763-CHEMBL3084777	CHEMBL3084762_CHEMBL3084763	CHEMBL3084777	[R1]c1nc2c(cccc2o1)C(=O)NC3CC4CCCC(C3)N4C	[R1]N1CCOCC1C	[R1]c1ccccc1OC	7.461399651509407	7.826813731587727	0.3654140800783194	1.4718184200553623	-1	0.0	COc1ccccc1~c1(N2CCOCC2C)nc2c(C(=O)NC3CC4CCCC(C3)N4C)cccc2o1	CC1COCCN1c1nc2c(C(=O)NC3CC4CCCC(C3)N4C)cccc2o1	COc1ccccc1-c1nc2c(C(=O)NC3CC4CCCC(C3)N4C)cccc2o1
94	CHEMBL3084762_CHEMBL3084763-CHEMBL3084779	CHEMBL3084762_CHEMBL3084763	CHEMBL3084779	[R1]c1nc2c(cccc2o1)C(=O)NC3CC4CCCC(C3)N4C	[R1]N1CCOCC1C	[R1]c1ccccc1	7.461399651509407	7.82102305270683	0.3596234011974228	1.4718184200553623	-1	0.0	CC1COCCN1c1(~c2ccccc2)nc2c(C(=O)NC3CC4CCCC(C3)N4C)cccc2o1	CC1COCCN1c1nc2c(C(=O)NC3CC4CCCC(C3)N4C)cccc2o1	CN1C2CCCC1CC(NC(=O)c1cccc3oc(-c4ccccc4)nc13)C2
95	CHEMBL3084762_CHEMBL3084763-CHEMBL3084780	CHEMBL3084762_CHEMBL3084763	CHEMBL3084780	[R1]c1nc2c(cccc2o1)C(=O)NC3CC4CCCC(C3)N4C	[R1]N1CCOCC1C	[R1]c1ccc(cc1)F	7.461399651509407	7.787812395596043	0.3264127440866353	1.4718184200553623	-1	0.0	CC1COCCN1c1(~c2ccc(F)cc2)nc2c(C(=O)NC3CC4CCCC(C3)N4C)cccc2o1	CC1COCCN1c1nc2c(C(=O)NC3CC4CCCC(C3)N4C)cccc2o1	CN1C2CCCC1CC(NC(=O)c1cccc3oc(-c4ccc(F)cc4)nc13)C2
96	CHEMBL3084762_CHEMBL3084763-CHEMBL3084781	CHEMBL3084762_CHEMBL3084763	CHEMBL3084781	[R1]c1nc2c(cccc2o1)C(=O)NC3CC4CCCC(C3)N4C	[R1]N1CCOCC1C	[R1]c1ccc(cc1)Cl	7.461399651509407	7.744727494896692	0.2833278433872852	1.4718184200553623	-1	0.0	CC1COCCN1c1(~c2ccc(Cl)cc2)nc2c(C(=O)NC3CC4CCCC(C3)N4C)cccc2o1	CC1COCCN1c1nc2c(C(=O)NC3CC4CCCC(C3)N4C)cccc2o1	CN1C2CCCC1CC(NC(=O)c1cccc3oc(-c4ccc(Cl)cc4)nc13)C2
97	CHEMBL3084762_CHEMBL3084763-CHEMBL3084782	CHEMBL3084762_CHEMBL3084763	CHEMBL3084782	[R1]c1nc2c(cccc2o1)C(=O)NC3CC4CCCC(C3)N4C	[R1]N1CCOCC1C	[R1]c1ccc(cc1)OC	7.461399651509407	7.72584215073632	0.264442499226913	1.4718184200553623	-1	0.0	COc1ccc(~c2(N3CCOCC3C)nc3c(C(=O)NC4CC5CCCC(C4)N5C)cccc3o2)cc1	CC1COCCN1c1nc2c(C(=O)NC3CC4CCCC(C3)N4C)cccc2o1	COc1ccc(-c2nc3c(C(=O)NC4CC5CCCC(C4)N5C)cccc3o2)cc1
98	CHEMBL3084764-CHEMBL3084765	CHEMBL3084764	CHEMBL3084765	[R1]c1nc2c(cccc2o1)C(=O)NC3CC4CCCC(C3)N4C	[R1]N1CCOCC1CC	[R1]N1CCOCC1CCC	8.337242168318426	8.4089353929735	0.0716932246550747	1.4718184200553623	-1	0.0	CCCC1COCCN1~c1(N2CCOCC2CC)nc2c(C(=O)NC3CC4CCCC(C3)N4C)cccc2o1	CCC1COCCN1c1nc2c(C(=O)NC3CC4CCCC(C3)N4C)cccc2o1	CCCC1COCCN1c1nc2c(C(=O)NC3CC4CCCC(C3)N4C)cccc2o1
99	CHEMBL3084766-CHEMBL3084764	CHEMBL3084766	CHEMBL3084764	[R1]c1nc2c(cccc2o1)C(=O)NC3CC4CCCC(C3)N4C	[R1]N1CCOCC1C(C)C	[R1]N1CCOCC1CC	8.301029995663981	8.337242168318426	0.0362121726544444	1.4718184200553623	-1	0.0	CCC1COCCN1~c1(N2CCOCC2C(C)C)nc2c(C(=O)NC3CC4CCCC(C3)N4C)cccc2o1	CC(C)C1COCCN1c1nc2c(C(=O)NC3CC4CCCC(C3)N4C)cccc2o1	CCC1COCCN1c1nc2c(C(=O)NC3CC4CCCC(C3)N4C)cccc2o1
100	CHEMBL3084764-CHEMBL3084767	CHEMBL3084764	CHEMBL3084767	[R1]c1nc2c(cccc2o1)C(=O)NC3CC4CCCC(C3)N4C	[R1]N1CCOCC1CC	[R1]N1CCOCC1CC(C)C	8.337242168318426	8.455931955649724	0.1186897873312986	1.4718184200553623	-1	0.0	CCC1COCCN1c1(~N2CCOCC2CC(C)C)nc2c(C(=O)NC3CC4CCCC(C3)N4C)cccc2o1	CCC1COCCN1c1nc2c(C(=O)NC3CC4CCCC(C3)N4C)cccc2o1	CC(C)CC1COCCN1c1nc2c(C(=O)NC3CC4CCCC(C3)N4C)cccc2o1
101	CHEMBL3084768-CHEMBL3084764	CHEMBL3084764	CHEMBL3084768	[R1]c1nc2c(cccc2o1)C(=O)NC3CC4CCCC(C3)N4C	[R1]N1CCOCC1CC	[R1]N1CCOCC1C(C)(C)C	8.337242168318426	8.698970004336019	0.3617278360175929	1.4718184200553623	-1	0.0	CCC1COCCN1c1(~N2CCOCC2C(C)(C)C)nc2c(C(=O)NC3CC4CCCC(C3)N4C)cccc2o1	CCC1COCCN1c1nc2c(C(=O)NC3CC4CCCC(C3)N4C)cccc2o1	CN1C2CCCC1CC(NC(=O)c1cccc3oc(N4CCOCC4C(C)(C)C)nc13)C2
102	CHEMBL3084769-CHEMBL3084764	CHEMBL3084764	CHEMBL3084769	[R1]c1nc2c(cccc2o1)C(=O)NC3CC4CCCC(C3)N4C	[R1]N1CCOCC1CC	[R1]N1C(COCC1C)C	8.337242168318426	9.221848749616356	0.8846065812979305	1.4718184200553623	-1	0.0	CCC1COCCN1c1(~N2C(C)COCC2C)nc2c(C(=O)NC3CC4CCCC(C3)N4C)cccc2o1	CCC1COCCN1c1nc2c(C(=O)NC3CC4CCCC(C3)N4C)cccc2o1	CC1COCC(C)N1c1nc2c(C(=O)NC3CC4CCCC(C3)N4C)cccc2o1
103	CHEMBL3084770-CHEMBL3084764	CHEMBL3084764	CHEMBL3084770	[R1]c1nc2c(cccc2o1)C(=O)NC3CC4CCCC(C3)N4C	[R1]N1CCOCC1CC	[R1]N1C(COCC1CC)C	8.337242168318426	9.0	0.6627578316815743	1.4718184200553623	-1	0.0	CCC1COCCN1c1(~N2C(C)COCC2CC)nc2c(C(=O)NC3CC4CCCC(C3)N4C)cccc2o1	CCC1COCCN1c1nc2c(C(=O)NC3CC4CCCC(C3)N4C)cccc2o1	CCC1COCC(C)N1c1nc2c(C(=O)NC3CC4CCCC(C3)N4C)cccc2o1
104	CHEMBL3084771-CHEMBL3084764	CHEMBL3084771	CHEMBL3084764	[R1]c1nc2c(cccc2o1)C(=O)NC3CC4CCCC(C3)N4C	[R1]N1CC(OC(C1)C)C	[R1]N1CCOCC1CC	7.452225294612178	8.337242168318426	0.8850168737062479	1.4718184200553623	-1	0.0	CCC1COCCN1~c1(N2CC(C)OC(C)C2)nc2c(C(=O)NC3CC4CCCC(C3)N4C)cccc2o1	CC1CN(c2nc3c(C(=O)NC4CC5CCCC(C4)N5C)cccc3o2)CC(C)O1	CCC1COCCN1c1nc2c(C(=O)NC3CC4CCCC(C3)N4C)cccc2o1
105	CHEMBL3084773-CHEMBL3084764	CHEMBL3084773	CHEMBL3084764	[R1]c1nc2c(cccc2o1)C(=O)NC3CC4CCCC(C3)N4C	[R1]N1CCNCC1C	[R1]N1CCOCC1CC	7.782516055786092	8.337242168318426	0.5547261125323333	1.4718184200553623	-1	0.0	CCC1COCCN1~c1(N2CCNCC2C)nc2c(C(=O)NC3CC4CCCC(C3)N4C)cccc2o1	CC1CNCCN1c1nc2c(C(=O)NC3CC4CCCC(C3)N4C)cccc2o1	CCC1COCCN1c1nc2c(C(=O)NC3CC4CCCC(C3)N4C)cccc2o1
106	CHEMBL3084764-CHEMBL3084777	CHEMBL3084777	CHEMBL3084764	[R1]c1nc2c(cccc2o1)C(=O)NC3CC4CCCC(C3)N4C	[R1]c1ccccc1OC	[R1]N1CCOCC1CC	7.826813731587727	8.337242168318426	0.5104284367306988	1.4718184200553623	-1	0.0	CCC1COCCN1~c1(-c2ccccc2OC)nc2c(C(=O)NC3CC4CCCC(C3)N4C)cccc2o1	COc1ccccc1-c1nc2c(C(=O)NC3CC4CCCC(C3)N4C)cccc2o1	CCC1COCCN1c1nc2c(C(=O)NC3CC4CCCC(C3)N4C)cccc2o1
107	CHEMBL3084764-CHEMBL3084779	CHEMBL3084779	CHEMBL3084764	[R1]c1nc2c(cccc2o1)C(=O)NC3CC4CCCC(C3)N4C	[R1]c1ccccc1	[R1]N1CCOCC1CC	7.82102305270683	8.337242168318426	0.5162191156115954	1.4718184200553623	-1	0.0	CCC1COCCN1~c1(-c2ccccc2)nc2c(C(=O)NC3CC4CCCC(C3)N4C)cccc2o1	CN1C2CCCC1CC(NC(=O)c1cccc3oc(-c4ccccc4)nc13)C2	CCC1COCCN1c1nc2c(C(=O)NC3CC4CCCC(C3)N4C)cccc2o1
108	CHEMBL3084764-CHEMBL3084780	CHEMBL3084780	CHEMBL3084764	[R1]c1nc2c(cccc2o1)C(=O)NC3CC4CCCC(C3)N4C	[R1]c1ccc(cc1)F	[R1]N1CCOCC1CC	7.787812395596043	8.337242168318426	0.5494297727223829	1.4718184200553623	-1	0.0	CCC1COCCN1~c1(-c2ccc(F)cc2)nc2c(C(=O)NC3CC4CCCC(C3)N4C)cccc2o1	CN1C2CCCC1CC(NC(=O)c1cccc3oc(-c4ccc(F)cc4)nc13)C2	CCC1COCCN1c1nc2c(C(=O)NC3CC4CCCC(C3)N4C)cccc2o1
109	CHEMBL3084764-CHEMBL3084781	CHEMBL3084781	CHEMBL3084764	[R1]c1nc2c(cccc2o1)C(=O)NC3CC4CCCC(C3)N4C	[R1]c1ccc(cc1)Cl	[R1]N1CCOCC1CC	7.744727494896692	8.337242168318426	0.5925146734217329	1.4718184200553623	-1	0.0	CCC1COCCN1~c1(-c2ccc(Cl)cc2)nc2c(C(=O)NC3CC4CCCC(C3)N4C)cccc2o1	CN1C2CCCC1CC(NC(=O)c1cccc3oc(-c4ccc(Cl)cc4)nc13)C2	CCC1COCCN1c1nc2c(C(=O)NC3CC4CCCC(C3)N4C)cccc2o1
110	CHEMBL3084764-CHEMBL3084782	CHEMBL3084782	CHEMBL3084764	[R1]c1nc2c(cccc2o1)C(=O)NC3CC4CCCC(C3)N4C	[R1]c1ccc(cc1)OC	[R1]N1CCOCC1CC	7.72584215073632	8.337242168318426	0.6114000175821053	1.4718184200553623	-1	0.0	CCC1COCCN1~c1(-c2ccc(OC)cc2)nc2c(C(=O)NC3CC4CCCC(C3)N4C)cccc2o1	COc1ccc(-c2nc3c(C(=O)NC4CC5CCCC(C4)N5C)cccc3o2)cc1	CCC1COCCN1c1nc2c(C(=O)NC3CC4CCCC(C3)N4C)cccc2o1
111	CHEMBL3084766-CHEMBL3084765	CHEMBL3084766	CHEMBL3084765	[R1]c1nc2c(cccc2o1)C(=O)NC3CC4CCCC(C3)N4C	[R1]N1CCOCC1C(C)C	[R1]N1CCOCC1CCC	8.301029995663981	8.4089353929735	0.1079053973095192	1.4718184200553623	-1	0.0	CCCC1COCCN1~c1(N2CCOCC2C(C)C)nc2c(C(=O)NC3CC4CCCC(C3)N4C)cccc2o1	CC(C)C1COCCN1c1nc2c(C(=O)NC3CC4CCCC(C3)N4C)cccc2o1	CCCC1COCCN1c1nc2c(C(=O)NC3CC4CCCC(C3)N4C)cccc2o1
112	CHEMBL3084767-CHEMBL3084765	CHEMBL3084765	CHEMBL3084767	[R1]c1nc2c(cccc2o1)C(=O)NC3CC4CCCC(C3)N4C	[R1]N1CCOCC1CCC	[R1]N1CCOCC1CC(C)C	8.4089353929735	8.455931955649724	0.0469965626762238	1.4718184200553623	-1	0.0	CCCC1COCCN1c1(~N2CCOCC2CC(C)C)nc2c(C(=O)NC3CC4CCCC(C3)N4C)cccc2o1	CCCC1COCCN1c1nc2c(C(=O)NC3CC4CCCC(C3)N4C)cccc2o1	CC(C)CC1COCCN1c1nc2c(C(=O)NC3CC4CCCC(C3)N4C)cccc2o1
113	CHEMBL3084768-CHEMBL3084765	CHEMBL3084765	CHEMBL3084768	[R1]c1nc2c(cccc2o1)C(=O)NC3CC4CCCC(C3)N4C	[R1]N1CCOCC1CCC	[R1]N1CCOCC1C(C)(C)C	8.4089353929735	8.698970004336019	0.2900346113625183	1.4718184200553623	-1	0.0	CCCC1COCCN1c1(~N2CCOCC2C(C)(C)C)nc2c(C(=O)NC3CC4CCCC(C3)N4C)cccc2o1	CCCC1COCCN1c1nc2c(C(=O)NC3CC4CCCC(C3)N4C)cccc2o1	CN1C2CCCC1CC(NC(=O)c1cccc3oc(N4CCOCC4C(C)(C)C)nc13)C2
114	CHEMBL3084769-CHEMBL3084765	CHEMBL3084765	CHEMBL3084769	[R1]c1nc2c(cccc2o1)C(=O)NC3CC4CCCC(C3)N4C	[R1]N1CCOCC1CCC	[R1]N1C(COCC1C)C	8.4089353929735	9.221848749616356	0.8129133566428557	1.4718184200553623	-1	0.0	CCCC1COCCN1c1(~N2C(C)COCC2C)nc2c(C(=O)NC3CC4CCCC(C3)N4C)cccc2o1	CCCC1COCCN1c1nc2c(C(=O)NC3CC4CCCC(C3)N4C)cccc2o1	CC1COCC(C)N1c1nc2c(C(=O)NC3CC4CCCC(C3)N4C)cccc2o1
115	CHEMBL3084770-CHEMBL3084765	CHEMBL3084765	CHEMBL3084770	[R1]c1nc2c(cccc2o1)C(=O)NC3CC4CCCC(C3)N4C	[R1]N1CCOCC1CCC	[R1]N1C(COCC1CC)C	8.4089353929735	9.0	0.5910646070264995	1.4718184200553623	-1	0.0	CCCC1COCCN1c1(~N2C(C)COCC2CC)nc2c(C(=O)NC3CC4CCCC(C3)N4C)cccc2o1	CCCC1COCCN1c1nc2c(C(=O)NC3CC4CCCC(C3)N4C)cccc2o1	CCC1COCC(C)N1c1nc2c(C(=O)NC3CC4CCCC(C3)N4C)cccc2o1
116	CHEMBL3084771-CHEMBL3084765	CHEMBL3084771	CHEMBL3084765	[R1]c1nc2c(cccc2o1)C(=O)NC3CC4CCCC(C3)N4C	[R1]N1CC(OC(C1)C)C	[R1]N1CCOCC1CCC	7.452225294612178	8.4089353929735	0.9567100983613228	1.4718184200553623	-1	0.0	CCCC1COCCN1~c1(N2CC(C)OC(C)C2)nc2c(C(=O)NC3CC4CCCC(C3)N4C)cccc2o1	CC1CN(c2nc3c(C(=O)NC4CC5CCCC(C4)N5C)cccc3o2)CC(C)O1	CCCC1COCCN1c1nc2c(C(=O)NC3CC4CCCC(C3)N4C)cccc2o1
117	CHEMBL3084773-CHEMBL3084765	CHEMBL3084773	CHEMBL3084765	[R1]c1nc2c(cccc2o1)C(=O)NC3CC4CCCC(C3)N4C	[R1]N1CCNCC1C	[R1]N1CCOCC1CCC	7.782516055786092	8.4089353929735	0.6264193371874079	1.4718184200553623	-1	0.0	CCCC1COCCN1~c1(N2CCNCC2C)nc2c(C(=O)NC3CC4CCCC(C3)N4C)cccc2o1	CC1CNCCN1c1nc2c(C(=O)NC3CC4CCCC(C3)N4C)cccc2o1	CCCC1COCCN1c1nc2c(C(=O)NC3CC4CCCC(C3)N4C)cccc2o1
118	CHEMBL3084765-CHEMBL3084777	CHEMBL3084777	CHEMBL3084765	[R1]c1nc2c(cccc2o1)C(=O)NC3CC4CCCC(C3)N4C	[R1]c1ccccc1OC	[R1]N1CCOCC1CCC	7.826813731587727	8.4089353929735	0.5821216613857736	1.4718184200553623	-1	0.0	CCCC1COCCN1~c1(-c2ccccc2OC)nc2c(C(=O)NC3CC4CCCC(C3)N4C)cccc2o1	COc1ccccc1-c1nc2c(C(=O)NC3CC4CCCC(C3)N4C)cccc2o1	CCCC1COCCN1c1nc2c(C(=O)NC3CC4CCCC(C3)N4C)cccc2o1
119	CHEMBL3084765-CHEMBL3084779	CHEMBL3084779	CHEMBL3084765	[R1]c1nc2c(cccc2o1)C(=O)NC3CC4CCCC(C3)N4C	[R1]c1ccccc1	[R1]N1CCOCC1CCC	7.82102305270683	8.4089353929735	0.5879123402666702	1.4718184200553623	-1	0.0	CCCC1COCCN1~c1(-c2ccccc2)nc2c(C(=O)NC3CC4CCCC(C3)N4C)cccc2o1	CN1C2CCCC1CC(NC(=O)c1cccc3oc(-c4ccccc4)nc13)C2	CCCC1COCCN1c1nc2c(C(=O)NC3CC4CCCC(C3)N4C)cccc2o1
120	CHEMBL3084765-CHEMBL3084780	CHEMBL3084780	CHEMBL3084765	[R1]c1nc2c(cccc2o1)C(=O)NC3CC4CCCC(C3)N4C	[R1]c1ccc(cc1)F	[R1]N1CCOCC1CCC	7.787812395596043	8.4089353929735	0.6211229973774577	1.4718184200553623	-1	0.0	CCCC1COCCN1~c1(-c2ccc(F)cc2)nc2c(C(=O)NC3CC4CCCC(C3)N4C)cccc2o1	CN1C2CCCC1CC(NC(=O)c1cccc3oc(-c4ccc(F)cc4)nc13)C2	CCCC1COCCN1c1nc2c(C(=O)NC3CC4CCCC(C3)N4C)cccc2o1
121	CHEMBL3084765-CHEMBL3084781	CHEMBL3084781	CHEMBL3084765	[R1]c1nc2c(cccc2o1)C(=O)NC3CC4CCCC(C3)N4C	[R1]c1ccc(cc1)Cl	[R1]N1CCOCC1CCC	7.744727494896692	8.4089353929735	0.6642078980768078	1.4718184200553623	-1	0.0	CCCC1COCCN1~c1(-c2ccc(Cl)cc2)nc2c(C(=O)NC3CC4CCCC(C3)N4C)cccc2o1	CN1C2CCCC1CC(NC(=O)c1cccc3oc(-c4ccc(Cl)cc4)nc13)C2	CCCC1COCCN1c1nc2c(C(=O)NC3CC4CCCC(C3)N4C)cccc2o1
122	CHEMBL3084765-CHEMBL3084782	CHEMBL3084782	CHEMBL3084765	[R1]c1nc2c(cccc2o1)C(=O)NC3CC4CCCC(C3)N4C	[R1]c1ccc(cc1)OC	[R1]N1CCOCC1CCC	7.72584215073632	8.4089353929735	0.68309324223718	1.4718184200553623	-1	0.0	CCCC1COCCN1~c1(-c2ccc(OC)cc2)nc2c(C(=O)NC3CC4CCCC(C3)N4C)cccc2o1	COc1ccc(-c2nc3c(C(=O)NC4CC5CCCC(C4)N5C)cccc3o2)cc1	CCCC1COCCN1c1nc2c(C(=O)NC3CC4CCCC(C3)N4C)cccc2o1
123	CHEMBL3084766-CHEMBL3084767	CHEMBL3084766	CHEMBL3084767	[R1]c1nc2c(cccc2o1)C(=O)NC3CC4CCCC(C3)N4C	[R1]N1CCOCC1C(C)C	[R1]N1CCOCC1CC(C)C	8.301029995663981	8.455931955649724	0.15490195998574302	1.4718184200553623	-1	0.0	CC(C)CC1COCCN1~c1(N2CCOCC2C(C)C)nc2c(C(=O)NC3CC4CCCC(C3)N4C)cccc2o1	CC(C)C1COCCN1c1nc2c(C(=O)NC3CC4CCCC(C3)N4C)cccc2o1	CC(C)CC1COCCN1c1nc2c(C(=O)NC3CC4CCCC(C3)N4C)cccc2o1
124	CHEMBL3084768-CHEMBL3084766	CHEMBL3084766	CHEMBL3084768	[R1]c1nc2c(cccc2o1)C(=O)NC3CC4CCCC(C3)N4C	[R1]N1CCOCC1C(C)C	[R1]N1CCOCC1C(C)(C)C	8.301029995663981	8.698970004336019	0.3979400086720375	1.4718184200553623	-1	0.0	CC(C)C1COCCN1c1(~N2CCOCC2C(C)(C)C)nc2c(C(=O)NC3CC4CCCC(C3)N4C)cccc2o1	CC(C)C1COCCN1c1nc2c(C(=O)NC3CC4CCCC(C3)N4C)cccc2o1	CN1C2CCCC1CC(NC(=O)c1cccc3oc(N4CCOCC4C(C)(C)C)nc13)C2
125	CHEMBL3084769-CHEMBL3084766	CHEMBL3084766	CHEMBL3084769	[R1]c1nc2c(cccc2o1)C(=O)NC3CC4CCCC(C3)N4C	[R1]N1CCOCC1C(C)C	[R1]N1C(COCC1C)C	8.301029995663981	9.221848749616356	0.9208187539523748	1.4718184200553623	-1	0.0	CC(C)C1COCCN1c1(~N2C(C)COCC2C)nc2c(C(=O)NC3CC4CCCC(C3)N4C)cccc2o1	CC(C)C1COCCN1c1nc2c(C(=O)NC3CC4CCCC(C3)N4C)cccc2o1	CC1COCC(C)N1c1nc2c(C(=O)NC3CC4CCCC(C3)N4C)cccc2o1
126	CHEMBL3084770-CHEMBL3084766	CHEMBL3084766	CHEMBL3084770	[R1]c1nc2c(cccc2o1)C(=O)NC3CC4CCCC(C3)N4C	[R1]N1CCOCC1C(C)C	[R1]N1C(COCC1CC)C	8.301029995663981	9.0	0.6989700043360187	1.4718184200553623	-1	0.0	CCC1COCC(C)N1~c1(N2CCOCC2C(C)C)nc2c(C(=O)NC3CC4CCCC(C3)N4C)cccc2o1	CC(C)C1COCCN1c1nc2c(C(=O)NC3CC4CCCC(C3)N4C)cccc2o1	CCC1COCC(C)N1c1nc2c(C(=O)NC3CC4CCCC(C3)N4C)cccc2o1
127	CHEMBL3084771-CHEMBL3084766	CHEMBL3084771	CHEMBL3084766	[R1]c1nc2c(cccc2o1)C(=O)NC3CC4CCCC(C3)N4C	[R1]N1CC(OC(C1)C)C	[R1]N1CCOCC1C(C)C	7.452225294612178	8.301029995663981	0.8488047010518036	1.4718184200553623	-1	0.0	CC1CN(c2(~N3CCOCC3C(C)C)nc3c(C(=O)NC4CC5CCCC(C4)N5C)cccc3o2)CC(C)O1	CC1CN(c2nc3c(C(=O)NC4CC5CCCC(C4)N5C)cccc3o2)CC(C)O1	CC(C)C1COCCN1c1nc2c(C(=O)NC3CC4CCCC(C3)N4C)cccc2o1
128	CHEMBL3084773-CHEMBL3084766	CHEMBL3084773	CHEMBL3084766	[R1]c1nc2c(cccc2o1)C(=O)NC3CC4CCCC(C3)N4C	[R1]N1CCNCC1C	[R1]N1CCOCC1C(C)C	7.782516055786092	8.301029995663981	0.5185139398778889	1.4718184200553623	-1	0.0	CC(C)C1COCCN1~c1(N2CCNCC2C)nc2c(C(=O)NC3CC4CCCC(C3)N4C)cccc2o1	CC1CNCCN1c1nc2c(C(=O)NC3CC4CCCC(C3)N4C)cccc2o1	CC(C)C1COCCN1c1nc2c(C(=O)NC3CC4CCCC(C3)N4C)cccc2o1
129	CHEMBL3084766-CHEMBL3084777	CHEMBL3084777	CHEMBL3084766	[R1]c1nc2c(cccc2o1)C(=O)NC3CC4CCCC(C3)N4C	[R1]c1ccccc1OC	[R1]N1CCOCC1C(C)C	7.826813731587727	8.301029995663981	0.4742162640762544	1.4718184200553623	-1	0.0	COc1ccccc1-c1(~N2CCOCC2C(C)C)nc2c(C(=O)NC3CC4CCCC(C3)N4C)cccc2o1	COc1ccccc1-c1nc2c(C(=O)NC3CC4CCCC(C3)N4C)cccc2o1	CC(C)C1COCCN1c1nc2c(C(=O)NC3CC4CCCC(C3)N4C)cccc2o1
130	CHEMBL3084766-CHEMBL3084779	CHEMBL3084779	CHEMBL3084766	[R1]c1nc2c(cccc2o1)C(=O)NC3CC4CCCC(C3)N4C	[R1]c1ccccc1	[R1]N1CCOCC1C(C)C	7.82102305270683	8.301029995663981	0.4800069429571509	1.4718184200553623	-1	0.0	CC(C)C1COCCN1~c1(-c2ccccc2)nc2c(C(=O)NC3CC4CCCC(C3)N4C)cccc2o1	CN1C2CCCC1CC(NC(=O)c1cccc3oc(-c4ccccc4)nc13)C2	CC(C)C1COCCN1c1nc2c(C(=O)NC3CC4CCCC(C3)N4C)cccc2o1
131	CHEMBL3084766-CHEMBL3084780	CHEMBL3084780	CHEMBL3084766	[R1]c1nc2c(cccc2o1)C(=O)NC3CC4CCCC(C3)N4C	[R1]c1ccc(cc1)F	[R1]N1CCOCC1C(C)C	7.787812395596043	8.301029995663981	0.5132176000679385	1.4718184200553623	-1	0.0	CC(C)C1COCCN1~c1(-c2ccc(F)cc2)nc2c(C(=O)NC3CC4CCCC(C3)N4C)cccc2o1	CN1C2CCCC1CC(NC(=O)c1cccc3oc(-c4ccc(F)cc4)nc13)C2	CC(C)C1COCCN1c1nc2c(C(=O)NC3CC4CCCC(C3)N4C)cccc2o1
132	CHEMBL3084766-CHEMBL3084781	CHEMBL3084781	CHEMBL3084766	[R1]c1nc2c(cccc2o1)C(=O)NC3CC4CCCC(C3)N4C	[R1]c1ccc(cc1)Cl	[R1]N1CCOCC1C(C)C	7.744727494896692	8.301029995663981	0.5563025007672886	1.4718184200553623	-1	0.0	CC(C)C1COCCN1~c1(-c2ccc(Cl)cc2)nc2c(C(=O)NC3CC4CCCC(C3)N4C)cccc2o1	CN1C2CCCC1CC(NC(=O)c1cccc3oc(-c4ccc(Cl)cc4)nc13)C2	CC(C)C1COCCN1c1nc2c(C(=O)NC3CC4CCCC(C3)N4C)cccc2o1
133	CHEMBL3084766-CHEMBL3084782	CHEMBL3084782	CHEMBL3084766	[R1]c1nc2c(cccc2o1)C(=O)NC3CC4CCCC(C3)N4C	[R1]c1ccc(cc1)OC	[R1]N1CCOCC1C(C)C	7.72584215073632	8.301029995663981	0.5751878449276608	1.4718184200553623	-1	0.0	COc1ccc(-c2(~N3CCOCC3C(C)C)nc3c(C(=O)NC4CC5CCCC(C4)N5C)cccc3o2)cc1	COc1ccc(-c2nc3c(C(=O)NC4CC5CCCC(C4)N5C)cccc3o2)cc1	CC(C)C1COCCN1c1nc2c(C(=O)NC3CC4CCCC(C3)N4C)cccc2o1
134	CHEMBL3084768-CHEMBL3084767	CHEMBL3084767	CHEMBL3084768	[R1]c1nc2c(cccc2o1)C(=O)NC3CC4CCCC(C3)N4C	[R1]N1CCOCC1CC(C)C	[R1]N1CCOCC1C(C)(C)C	8.455931955649724	8.698970004336019	0.2430380486862944	1.4718184200553623	-1	0.0	CC(C)CC1COCCN1c1(~N2CCOCC2C(C)(C)C)nc2c(C(=O)NC3CC4CCCC(C3)N4C)cccc2o1	CC(C)CC1COCCN1c1nc2c(C(=O)NC3CC4CCCC(C3)N4C)cccc2o1	CN1C2CCCC1CC(NC(=O)c1cccc3oc(N4CCOCC4C(C)(C)C)nc13)C2
135	CHEMBL3084769-CHEMBL3084767	CHEMBL3084767	CHEMBL3084769	[R1]c1nc2c(cccc2o1)C(=O)NC3CC4CCCC(C3)N4C	[R1]N1CCOCC1CC(C)C	[R1]N1C(COCC1C)C	8.455931955649724	9.221848749616356	0.7659167939666318	1.4718184200553623	-1	0.0	CC(C)CC1COCCN1c1(~N2C(C)COCC2C)nc2c(C(=O)NC3CC4CCCC(C3)N4C)cccc2o1	CC(C)CC1COCCN1c1nc2c(C(=O)NC3CC4CCCC(C3)N4C)cccc2o1	CC1COCC(C)N1c1nc2c(C(=O)NC3CC4CCCC(C3)N4C)cccc2o1
136	CHEMBL3084770-CHEMBL3084767	CHEMBL3084767	CHEMBL3084770	[R1]c1nc2c(cccc2o1)C(=O)NC3CC4CCCC(C3)N4C	[R1]N1CCOCC1CC(C)C	[R1]N1C(COCC1CC)C	8.455931955649724	9.0	0.5440680443502757	1.4718184200553623	-1	0.0	CCC1COCC(C)N1~c1(N2CCOCC2CC(C)C)nc2c(C(=O)NC3CC4CCCC(C3)N4C)cccc2o1	CC(C)CC1COCCN1c1nc2c(C(=O)NC3CC4CCCC(C3)N4C)cccc2o1	CCC1COCC(C)N1c1nc2c(C(=O)NC3CC4CCCC(C3)N4C)cccc2o1
137	CHEMBL3084773-CHEMBL3084767	CHEMBL3084773	CHEMBL3084767	[R1]c1nc2c(cccc2o1)C(=O)NC3CC4CCCC(C3)N4C	[R1]N1CCNCC1C	[R1]N1CCOCC1CC(C)C	7.782516055786092	8.455931955649724	0.6734158998636319	1.4718184200553623	-1	0.0	CC(C)CC1COCCN1~c1(N2CCNCC2C)nc2c(C(=O)NC3CC4CCCC(C3)N4C)cccc2o1	CC1CNCCN1c1nc2c(C(=O)NC3CC4CCCC(C3)N4C)cccc2o1	CC(C)CC1COCCN1c1nc2c(C(=O)NC3CC4CCCC(C3)N4C)cccc2o1
138	CHEMBL3084767-CHEMBL3084777	CHEMBL3084777	CHEMBL3084767	[R1]c1nc2c(cccc2o1)C(=O)NC3CC4CCCC(C3)N4C	[R1]c1ccccc1OC	[R1]N1CCOCC1CC(C)C	7.826813731587727	8.455931955649724	0.6291182240619975	1.4718184200553623	-1	0.0	COc1ccccc1-c1(~N2CCOCC2CC(C)C)nc2c(C(=O)NC3CC4CCCC(C3)N4C)cccc2o1	COc1ccccc1-c1nc2c(C(=O)NC3CC4CCCC(C3)N4C)cccc2o1	CC(C)CC1COCCN1c1nc2c(C(=O)NC3CC4CCCC(C3)N4C)cccc2o1
139	CHEMBL3084767-CHEMBL3084779	CHEMBL3084779	CHEMBL3084767	[R1]c1nc2c(cccc2o1)C(=O)NC3CC4CCCC(C3)N4C	[R1]c1ccccc1	[R1]N1CCOCC1CC(C)C	7.82102305270683	8.455931955649724	0.634908902942894	1.4718184200553623	-1	0.0	CC(C)CC1COCCN1~c1(-c2ccccc2)nc2c(C(=O)NC3CC4CCCC(C3)N4C)cccc2o1	CN1C2CCCC1CC(NC(=O)c1cccc3oc(-c4ccccc4)nc13)C2	CC(C)CC1COCCN1c1nc2c(C(=O)NC3CC4CCCC(C3)N4C)cccc2o1
140	CHEMBL3084767-CHEMBL3084780	CHEMBL3084780	CHEMBL3084767	[R1]c1nc2c(cccc2o1)C(=O)NC3CC4CCCC(C3)N4C	[R1]c1ccc(cc1)F	[R1]N1CCOCC1CC(C)C	7.787812395596043	8.455931955649724	0.6681195600536816	1.4718184200553623	-1	0.0	CC(C)CC1COCCN1~c1(-c2ccc(F)cc2)nc2c(C(=O)NC3CC4CCCC(C3)N4C)cccc2o1	CN1C2CCCC1CC(NC(=O)c1cccc3oc(-c4ccc(F)cc4)nc13)C2	CC(C)CC1COCCN1c1nc2c(C(=O)NC3CC4CCCC(C3)N4C)cccc2o1
141	CHEMBL3084767-CHEMBL3084781	CHEMBL3084781	CHEMBL3084767	[R1]c1nc2c(cccc2o1)C(=O)NC3CC4CCCC(C3)N4C	[R1]c1ccc(cc1)Cl	[R1]N1CCOCC1CC(C)C	7.744727494896692	8.455931955649724	0.7112044607530317	1.4718184200553623	-1	0.0	CC(C)CC1COCCN1~c1(-c2ccc(Cl)cc2)nc2c(C(=O)NC3CC4CCCC(C3)N4C)cccc2o1	CN1C2CCCC1CC(NC(=O)c1cccc3oc(-c4ccc(Cl)cc4)nc13)C2	CC(C)CC1COCCN1c1nc2c(C(=O)NC3CC4CCCC(C3)N4C)cccc2o1
142	CHEMBL3084767-CHEMBL3084782	CHEMBL3084782	CHEMBL3084767	[R1]c1nc2c(cccc2o1)C(=O)NC3CC4CCCC(C3)N4C	[R1]c1ccc(cc1)OC	[R1]N1CCOCC1CC(C)C	7.72584215073632	8.455931955649724	0.7300898049134039	1.4718184200553623	-1	0.0	COc1ccc(-c2(~N3CCOCC3CC(C)C)nc3c(C(=O)NC4CC5CCCC(C4)N5C)cccc3o2)cc1	COc1ccc(-c2nc3c(C(=O)NC4CC5CCCC(C4)N5C)cccc3o2)cc1	CC(C)CC1COCCN1c1nc2c(C(=O)NC3CC4CCCC(C3)N4C)cccc2o1
143	CHEMBL3084769-CHEMBL3084768	CHEMBL3084768	CHEMBL3084769	[R1]c1nc2c(cccc2o1)C(=O)NC3CC4CCCC(C3)N4C	[R1]N1CCOCC1C(C)(C)C	[R1]N1C(COCC1C)C	8.698970004336019	9.221848749616356	0.5228787452803374	1.4718184200553623	-1	0.0	CC1COCC(C)N1~c1(N2CCOCC2C(C)(C)C)nc2c(C(=O)NC3CC4CCCC(C3)N4C)cccc2o1	CN1C2CCCC1CC(NC(=O)c1cccc3oc(N4CCOCC4C(C)(C)C)nc13)C2	CC1COCC(C)N1c1nc2c(C(=O)NC3CC4CCCC(C3)N4C)cccc2o1
144	CHEMBL3084770-CHEMBL3084768	CHEMBL3084768	CHEMBL3084770	[R1]c1nc2c(cccc2o1)C(=O)NC3CC4CCCC(C3)N4C	[R1]N1CCOCC1C(C)(C)C	[R1]N1C(COCC1CC)C	8.698970004336019	9.0	0.3010299956639812	1.4718184200553623	-1	0.0	CCC1COCC(C)N1~c1(N2CCOCC2C(C)(C)C)nc2c(C(=O)NC3CC4CCCC(C3)N4C)cccc2o1	CN1C2CCCC1CC(NC(=O)c1cccc3oc(N4CCOCC4C(C)(C)C)nc13)C2	CCC1COCC(C)N1c1nc2c(C(=O)NC3CC4CCCC(C3)N4C)cccc2o1
145	CHEMBL3084772-CHEMBL3084768	CHEMBL3084772	CHEMBL3084768	[R1]c1nc2c(cccc2o1)C(=O)NC3CC4CCCC(C3)N4C	[R1]N1CCNCC1	[R1]N1CCOCC1C(C)(C)C	7.141462802430363	8.698970004336019	1.5575072019056568	1.4718184200553623	1	0.0	CN1C2CCCC1CC(NC(=O)c1cccc3oc(N4CCNCC4)(~N4CCOCC4C(C)(C)C)nc13)C2	CN1C2CCCC1CC(NC(=O)c1cccc3oc(N4CCNCC4)nc13)C2	CN1C2CCCC1CC(NC(=O)c1cccc3oc(N4CCOCC4C(C)(C)C)nc13)C2
146	CHEMBL3084773-CHEMBL3084768	CHEMBL3084773	CHEMBL3084768	[R1]c1nc2c(cccc2o1)C(=O)NC3CC4CCCC(C3)N4C	[R1]N1CCNCC1C	[R1]N1CCOCC1C(C)(C)C	7.782516055786092	8.698970004336019	0.9164539485499263	1.4718184200553623	-1	0.0	CC1CNCCN1c1(~N2CCOCC2C(C)(C)C)nc2c(C(=O)NC3CC4CCCC(C3)N4C)cccc2o1	CC1CNCCN1c1nc2c(C(=O)NC3CC4CCCC(C3)N4C)cccc2o1	CN1C2CCCC1CC(NC(=O)c1cccc3oc(N4CCOCC4C(C)(C)C)nc13)C2
147	CHEMBL3084768-CHEMBL3084777	CHEMBL3084777	CHEMBL3084768	[R1]c1nc2c(cccc2o1)C(=O)NC3CC4CCCC(C3)N4C	[R1]c1ccccc1OC	[R1]N1CCOCC1C(C)(C)C	7.826813731587727	8.698970004336019	0.8721562727482919	1.4718184200553623	-1	0.0	COc1ccccc1-c1(~N2CCOCC2C(C)(C)C)nc2c(C(=O)NC3CC4CCCC(C3)N4C)cccc2o1	COc1ccccc1-c1nc2c(C(=O)NC3CC4CCCC(C3)N4C)cccc2o1	CN1C2CCCC1CC(NC(=O)c1cccc3oc(N4CCOCC4C(C)(C)C)nc13)C2
148	CHEMBL3084768-CHEMBL3084779	CHEMBL3084779	CHEMBL3084768	[R1]c1nc2c(cccc2o1)C(=O)NC3CC4CCCC(C3)N4C	[R1]c1ccccc1	[R1]N1CCOCC1C(C)(C)C	7.82102305270683	8.698970004336019	0.8779469516291885	1.4718184200553623	-1	0.0	CN1C2CCCC1CC(NC(=O)c1cccc3oc(-c4ccccc4)(~N4CCOCC4C(C)(C)C)nc13)C2	CN1C2CCCC1CC(NC(=O)c1cccc3oc(-c4ccccc4)nc13)C2	CN1C2CCCC1CC(NC(=O)c1cccc3oc(N4CCOCC4C(C)(C)C)nc13)C2
149	CHEMBL3084768-CHEMBL3084780	CHEMBL3084780	CHEMBL3084768	[R1]c1nc2c(cccc2o1)C(=O)NC3CC4CCCC(C3)N4C	[R1]c1ccc(cc1)F	[R1]N1CCOCC1C(C)(C)C	7.787812395596043	8.698970004336019	0.911157608739976	1.4718184200553623	-1	0.0	CN1C2CCCC1CC(NC(=O)c1cccc3oc(-c4ccc(F)cc4)(~N4CCOCC4C(C)(C)C)nc13)C2	CN1C2CCCC1CC(NC(=O)c1cccc3oc(-c4ccc(F)cc4)nc13)C2	CN1C2CCCC1CC(NC(=O)c1cccc3oc(N4CCOCC4C(C)(C)C)nc13)C2
150	CHEMBL3084768-CHEMBL3084781	CHEMBL3084781	CHEMBL3084768	[R1]c1nc2c(cccc2o1)C(=O)NC3CC4CCCC(C3)N4C	[R1]c1ccc(cc1)Cl	[R1]N1CCOCC1C(C)(C)C	7.744727494896692	8.698970004336019	0.954242509439326	1.4718184200553623	-1	0.0	CN1C2CCCC1CC(NC(=O)c1cccc3oc(-c4ccc(Cl)cc4)(~N4CCOCC4C(C)(C)C)nc13)C2	CN1C2CCCC1CC(NC(=O)c1cccc3oc(-c4ccc(Cl)cc4)nc13)C2	CN1C2CCCC1CC(NC(=O)c1cccc3oc(N4CCOCC4C(C)(C)C)nc13)C2
151	CHEMBL3084768-CHEMBL3084782	CHEMBL3084782	CHEMBL3084768	[R1]c1nc2c(cccc2o1)C(=O)NC3CC4CCCC(C3)N4C	[R1]c1ccc(cc1)OC	[R1]N1CCOCC1C(C)(C)C	7.72584215073632	8.698970004336019	0.9731278535996984	1.4718184200553623	-1	0.0	COc1ccc(-c2(~N3CCOCC3C(C)(C)C)nc3c(C(=O)NC4CC5CCCC(C4)N5C)cccc3o2)cc1	COc1ccc(-c2nc3c(C(=O)NC4CC5CCCC(C4)N5C)cccc3o2)cc1	CN1C2CCCC1CC(NC(=O)c1cccc3oc(N4CCOCC4C(C)(C)C)nc13)C2
152	CHEMBL3084769-CHEMBL3084770	CHEMBL3084770	CHEMBL3084769	[R1]c1nc2c(cccc2o1)C(=O)NC3CC4CCCC(C3)N4C	[R1]N1C(COCC1CC)C	[R1]N1C(COCC1C)C	9.0	9.221848749616356	0.2218487496163561	1.4718184200553623	-1	0.0	CCC1COCC(C)N1c1(~N2C(C)COCC2C)nc2c(C(=O)NC3CC4CCCC(C3)N4C)cccc2o1	CCC1COCC(C)N1c1nc2c(C(=O)NC3CC4CCCC(C3)N4C)cccc2o1	CC1COCC(C)N1c1nc2c(C(=O)NC3CC4CCCC(C3)N4C)cccc2o1
153	CHEMBL3084769-CHEMBL3084771	CHEMBL3084771	CHEMBL3084769	[R1]c1nc2c(cccc2o1)C(=O)NC3CC4CCCC(C3)N4C	[R1]N1CC(OC(C1)C)C	[R1]N1C(COCC1C)C	7.452225294612178	9.221848749616356	1.7696234550041785	1.4718184200553623	1	0.0	CC1CN(c2(~N3C(C)COCC3C)nc3c(C(=O)NC4CC5CCCC(C4)N5C)cccc3o2)CC(C)O1	CC1CN(c2nc3c(C(=O)NC4CC5CCCC(C4)N5C)cccc3o2)CC(C)O1	CC1COCC(C)N1c1nc2c(C(=O)NC3CC4CCCC(C3)N4C)cccc2o1
154	CHEMBL3084769-CHEMBL3084772	CHEMBL3084772	CHEMBL3084769	[R1]c1nc2c(cccc2o1)C(=O)NC3CC4CCCC(C3)N4C	[R1]N1CCNCC1	[R1]N1C(COCC1C)C	7.141462802430363	9.221848749616356	2.0803859471859942	1.4718184200553623	1	0.0	CC1COCC(C)N1~c1(N2CCNCC2)nc2c(C(=O)NC3CC4CCCC(C3)N4C)cccc2o1	CN1C2CCCC1CC(NC(=O)c1cccc3oc(N4CCNCC4)nc13)C2	CC1COCC(C)N1c1nc2c(C(=O)NC3CC4CCCC(C3)N4C)cccc2o1
155	CHEMBL3084769-CHEMBL3084781	CHEMBL3084781	CHEMBL3084769	[R1]c1nc2c(cccc2o1)C(=O)NC3CC4CCCC(C3)N4C	[R1]c1ccc(cc1)Cl	[R1]N1C(COCC1C)C	7.744727494896692	9.221848749616356	1.4771212547196635	1.4718184200553623	1	0.0	CC1COCC(C)N1~c1(-c2ccc(Cl)cc2)nc2c(C(=O)NC3CC4CCCC(C3)N4C)cccc2o1	CN1C2CCCC1CC(NC(=O)c1cccc3oc(-c4ccc(Cl)cc4)nc13)C2	CC1COCC(C)N1c1nc2c(C(=O)NC3CC4CCCC(C3)N4C)cccc2o1
156	CHEMBL3084769-CHEMBL3084782	CHEMBL3084782	CHEMBL3084769	[R1]c1nc2c(cccc2o1)C(=O)NC3CC4CCCC(C3)N4C	[R1]c1ccc(cc1)OC	[R1]N1C(COCC1C)C	7.72584215073632	9.221848749616356	1.4960065988800355	1.4718184200553623	1	0.0	COc1ccc(-c2(~N3C(C)COCC3C)nc3c(C(=O)NC4CC5CCCC(C4)N5C)cccc3o2)cc1	COc1ccc(-c2nc3c(C(=O)NC4CC5CCCC(C4)N5C)cccc3o2)cc1	CC1COCC(C)N1c1nc2c(C(=O)NC3CC4CCCC(C3)N4C)cccc2o1
157	CHEMBL3084770-CHEMBL3084771	CHEMBL3084771	CHEMBL3084770	[R1]c1nc2c(cccc2o1)C(=O)NC3CC4CCCC(C3)N4C	[R1]N1CC(OC(C1)C)C	[R1]N1C(COCC1CC)C	7.452225294612178	9.0	1.5477747053878224	1.4718184200553623	1	0.0	CCC1COCC(C)N1~c1(N2CC(C)OC(C)C2)nc2c(C(=O)NC3CC4CCCC(C3)N4C)cccc2o1	CC1CN(c2nc3c(C(=O)NC4CC5CCCC(C4)N5C)cccc3o2)CC(C)O1	CCC1COCC(C)N1c1nc2c(C(=O)NC3CC4CCCC(C3)N4C)cccc2o1
158	CHEMBL3084770-CHEMBL3084772	CHEMBL3084772	CHEMBL3084770	[R1]c1nc2c(cccc2o1)C(=O)NC3CC4CCCC(C3)N4C	[R1]N1CCNCC1	[R1]N1C(COCC1CC)C	7.141462802430363	9.0	1.858537197569638	1.4718184200553623	1	0.0	CCC1COCC(C)N1~c1(N2CCNCC2)nc2c(C(=O)NC3CC4CCCC(C3)N4C)cccc2o1	CN1C2CCCC1CC(NC(=O)c1cccc3oc(N4CCNCC4)nc13)C2	CCC1COCC(C)N1c1nc2c(C(=O)NC3CC4CCCC(C3)N4C)cccc2o1
159	CHEMBL3084771-CHEMBL3084772	CHEMBL3084772	CHEMBL3084771	[R1]c1nc2c(cccc2o1)C(=O)NC3CC4CCCC(C3)N4C	[R1]N1CCNCC1	[R1]N1CC(OC(C1)C)C	7.141462802430363	7.452225294612178	0.3107624921818157	1.4718184200553623	-1	0.0	CC1CN(~c2(N3CCNCC3)nc3c(C(=O)NC4CC5CCCC(C4)N5C)cccc3o2)CC(C)O1	CN1C2CCCC1CC(NC(=O)c1cccc3oc(N4CCNCC4)nc13)C2	CC1CN(c2nc3c(C(=O)NC4CC5CCCC(C4)N5C)cccc3o2)CC(C)O1
160	CHEMBL3084771-CHEMBL3084773	CHEMBL3084771	CHEMBL3084773	[R1]c1nc2c(cccc2o1)C(=O)NC3CC4CCCC(C3)N4C	[R1]N1CC(OC(C1)C)C	[R1]N1CCNCC1C	7.452225294612178	7.782516055786092	0.3302907611739147	1.4718184200553623	-1	0.0	CC1CN(c2(~N3CCNCC3C)nc3c(C(=O)NC4CC5CCCC(C4)N5C)cccc3o2)CC(C)O1	CC1CN(c2nc3c(C(=O)NC4CC5CCCC(C4)N5C)cccc3o2)CC(C)O1	CC1CNCCN1c1nc2c(C(=O)NC3CC4CCCC(C3)N4C)cccc2o1
161	CHEMBL3084771-CHEMBL3084777	CHEMBL3084771	CHEMBL3084777	[R1]c1nc2c(cccc2o1)C(=O)NC3CC4CCCC(C3)N4C	[R1]N1CC(OC(C1)C)C	[R1]c1ccccc1OC	7.452225294612178	7.826813731587727	0.3745884369755492	1.4718184200553623	-1	0.0	COc1ccccc1~c1(N2CC(C)OC(C)C2)nc2c(C(=O)NC3CC4CCCC(C3)N4C)cccc2o1	CC1CN(c2nc3c(C(=O)NC4CC5CCCC(C4)N5C)cccc3o2)CC(C)O1	COc1ccccc1-c1nc2c(C(=O)NC3CC4CCCC(C3)N4C)cccc2o1
162	CHEMBL3084771-CHEMBL3084779	CHEMBL3084771	CHEMBL3084779	[R1]c1nc2c(cccc2o1)C(=O)NC3CC4CCCC(C3)N4C	[R1]N1CC(OC(C1)C)C	[R1]c1ccccc1	7.452225294612178	7.82102305270683	0.3687977580946526	1.4718184200553623	-1	0.0	CC1CN(c2(~c3ccccc3)nc3c(C(=O)NC4CC5CCCC(C4)N5C)cccc3o2)CC(C)O1	CC1CN(c2nc3c(C(=O)NC4CC5CCCC(C4)N5C)cccc3o2)CC(C)O1	CN1C2CCCC1CC(NC(=O)c1cccc3oc(-c4ccccc4)nc13)C2
163	CHEMBL3084771-CHEMBL3084780	CHEMBL3084771	CHEMBL3084780	[R1]c1nc2c(cccc2o1)C(=O)NC3CC4CCCC(C3)N4C	[R1]N1CC(OC(C1)C)C	[R1]c1ccc(cc1)F	7.452225294612178	7.787812395596043	0.3355871009838651	1.4718184200553623	-1	0.0	CC1CN(c2(~c3ccc(F)cc3)nc3c(C(=O)NC4CC5CCCC(C4)N5C)cccc3o2)CC(C)O1	CC1CN(c2nc3c(C(=O)NC4CC5CCCC(C4)N5C)cccc3o2)CC(C)O1	CN1C2CCCC1CC(NC(=O)c1cccc3oc(-c4ccc(F)cc4)nc13)C2
164	CHEMBL3084771-CHEMBL3084781	CHEMBL3084771	CHEMBL3084781	[R1]c1nc2c(cccc2o1)C(=O)NC3CC4CCCC(C3)N4C	[R1]N1CC(OC(C1)C)C	[R1]c1ccc(cc1)Cl	7.452225294612178	7.744727494896692	0.292502200284515	1.4718184200553623	-1	0.0	CC1CN(c2(~c3ccc(Cl)cc3)nc3c(C(=O)NC4CC5CCCC(C4)N5C)cccc3o2)CC(C)O1	CC1CN(c2nc3c(C(=O)NC4CC5CCCC(C4)N5C)cccc3o2)CC(C)O1	CN1C2CCCC1CC(NC(=O)c1cccc3oc(-c4ccc(Cl)cc4)nc13)C2
165	CHEMBL3084771-CHEMBL3084782	CHEMBL3084771	CHEMBL3084782	[R1]c1nc2c(cccc2o1)C(=O)NC3CC4CCCC(C3)N4C	[R1]N1CC(OC(C1)C)C	[R1]c1ccc(cc1)OC	7.452225294612178	7.72584215073632	0.2736168561241427	1.4718184200553623	-1	0.0	COc1ccc(~c2(N3CC(C)OC(C)C3)nc3c(C(=O)NC4CC5CCCC(C4)N5C)cccc3o2)cc1	CC1CN(c2nc3c(C(=O)NC4CC5CCCC(C4)N5C)cccc3o2)CC(C)O1	COc1ccc(-c2nc3c(C(=O)NC4CC5CCCC(C4)N5C)cccc3o2)cc1
166	CHEMBL3084772-CHEMBL3084773	CHEMBL3084772	CHEMBL3084773	[R1]c1nc2c(cccc2o1)C(=O)NC3CC4CCCC(C3)N4C	[R1]N1CCNCC1	[R1]N1CCNCC1C	7.141462802430363	7.782516055786092	0.6410532533557305	1.4718184200553623	-1	0.0	CC1CNCCN1~c1(N2CCNCC2)nc2c(C(=O)NC3CC4CCCC(C3)N4C)cccc2o1	CN1C2CCCC1CC(NC(=O)c1cccc3oc(N4CCNCC4)nc13)C2	CC1CNCCN1c1nc2c(C(=O)NC3CC4CCCC(C3)N4C)cccc2o1
167	CHEMBL3084772-CHEMBL3084777	CHEMBL3084772	CHEMBL3084777	[R1]c1nc2c(cccc2o1)C(=O)NC3CC4CCCC(C3)N4C	[R1]N1CCNCC1	[R1]c1ccccc1OC	7.141462802430363	7.826813731587727	0.685350929157365	1.4718184200553623	-1	0.0	COc1ccccc1~c1(N2CCNCC2)nc2c(C(=O)NC3CC4CCCC(C3)N4C)cccc2o1	CN1C2CCCC1CC(NC(=O)c1cccc3oc(N4CCNCC4)nc13)C2	COc1ccccc1-c1nc2c(C(=O)NC3CC4CCCC(C3)N4C)cccc2o1
168	CHEMBL3084772-CHEMBL3084779	CHEMBL3084772	CHEMBL3084779	[R1]c1nc2c(cccc2o1)C(=O)NC3CC4CCCC(C3)N4C	[R1]N1CCNCC1	[R1]c1ccccc1	7.141462802430363	7.82102305270683	0.6795602502764684	1.4718184200553623	-1	0.0	CN1C2CCCC1CC(NC(=O)c1cccc3oc(~c4ccccc4)(N4CCNCC4)nc13)C2	CN1C2CCCC1CC(NC(=O)c1cccc3oc(N4CCNCC4)nc13)C2	CN1C2CCCC1CC(NC(=O)c1cccc3oc(-c4ccccc4)nc13)C2
169	CHEMBL3084772-CHEMBL3084780	CHEMBL3084772	CHEMBL3084780	[R1]c1nc2c(cccc2o1)C(=O)NC3CC4CCCC(C3)N4C	[R1]N1CCNCC1	[R1]c1ccc(cc1)F	7.141462802430363	7.787812395596043	0.6463495931656809	1.4718184200553623	-1	0.0	CN1C2CCCC1CC(NC(=O)c1cccc3oc(~c4ccc(F)cc4)(N4CCNCC4)nc13)C2	CN1C2CCCC1CC(NC(=O)c1cccc3oc(N4CCNCC4)nc13)C2	CN1C2CCCC1CC(NC(=O)c1cccc3oc(-c4ccc(F)cc4)nc13)C2
170	CHEMBL3084772-CHEMBL3084781	CHEMBL3084772	CHEMBL3084781	[R1]c1nc2c(cccc2o1)C(=O)NC3CC4CCCC(C3)N4C	[R1]N1CCNCC1	[R1]c1ccc(cc1)Cl	7.141462802430363	7.744727494896692	0.6032646924663307	1.4718184200553623	-1	0.0	CN1C2CCCC1CC(NC(=O)c1cccc3oc(~c4ccc(Cl)cc4)(N4CCNCC4)nc13)C2	CN1C2CCCC1CC(NC(=O)c1cccc3oc(N4CCNCC4)nc13)C2	CN1C2CCCC1CC(NC(=O)c1cccc3oc(-c4ccc(Cl)cc4)nc13)C2
171	CHEMBL3084772-CHEMBL3084782	CHEMBL3084772	CHEMBL3084782	[R1]c1nc2c(cccc2o1)C(=O)NC3CC4CCCC(C3)N4C	[R1]N1CCNCC1	[R1]c1ccc(cc1)OC	7.141462802430363	7.72584215073632	0.5843793483059585	1.4718184200553623	-1	0.0	COc1ccc(~c2(N3CCNCC3)nc3c(C(=O)NC4CC5CCCC(C4)N5C)cccc3o2)cc1	CN1C2CCCC1CC(NC(=O)c1cccc3oc(N4CCNCC4)nc13)C2	COc1ccc(-c2nc3c(C(=O)NC4CC5CCCC(C4)N5C)cccc3o2)cc1
172	CHEMBL3084773-CHEMBL3084777	CHEMBL3084773	CHEMBL3084777	[R1]c1nc2c(cccc2o1)C(=O)NC3CC4CCCC(C3)N4C	[R1]N1CCNCC1C	[R1]c1ccccc1OC	7.782516055786092	7.826813731587727	0.0442976758016344	1.4718184200553623	-1	0.0	COc1ccccc1~c1(N2CCNCC2C)nc2c(C(=O)NC3CC4CCCC(C3)N4C)cccc2o1	CC1CNCCN1c1nc2c(C(=O)NC3CC4CCCC(C3)N4C)cccc2o1	COc1ccccc1-c1nc2c(C(=O)NC3CC4CCCC(C3)N4C)cccc2o1
173	CHEMBL3084773-CHEMBL3084779	CHEMBL3084773	CHEMBL3084779	[R1]c1nc2c(cccc2o1)C(=O)NC3CC4CCCC(C3)N4C	[R1]N1CCNCC1C	[R1]c1ccccc1	7.782516055786092	7.82102305270683	0.0385069969207378	1.4718184200553623	-1	0.0	CC1CNCCN1c1(~c2ccccc2)nc2c(C(=O)NC3CC4CCCC(C3)N4C)cccc2o1	CC1CNCCN1c1nc2c(C(=O)NC3CC4CCCC(C3)N4C)cccc2o1	CN1C2CCCC1CC(NC(=O)c1cccc3oc(-c4ccccc4)nc13)C2
174	CHEMBL3084773-CHEMBL3084780	CHEMBL3084773	CHEMBL3084780	[R1]c1nc2c(cccc2o1)C(=O)NC3CC4CCCC(C3)N4C	[R1]N1CCNCC1C	[R1]c1ccc(cc1)F	7.782516055786092	7.787812395596043	0.0052963398099503	1.4718184200553623	-1	0.0	CC1CNCCN1c1(~c2ccc(F)cc2)nc2c(C(=O)NC3CC4CCCC(C3)N4C)cccc2o1	CC1CNCCN1c1nc2c(C(=O)NC3CC4CCCC(C3)N4C)cccc2o1	CN1C2CCCC1CC(NC(=O)c1cccc3oc(-c4ccc(F)cc4)nc13)C2
175	CHEMBL3084773-CHEMBL3084781	CHEMBL3084781	CHEMBL3084773	[R1]c1nc2c(cccc2o1)C(=O)NC3CC4CCCC(C3)N4C	[R1]c1ccc(cc1)Cl	[R1]N1CCNCC1C	7.744727494896692	7.782516055786092	0.0377885608893997	1.4718184200553623	-1	0.0	CC1CNCCN1~c1(-c2ccc(Cl)cc2)nc2c(C(=O)NC3CC4CCCC(C3)N4C)cccc2o1	CN1C2CCCC1CC(NC(=O)c1cccc3oc(-c4ccc(Cl)cc4)nc13)C2	CC1CNCCN1c1nc2c(C(=O)NC3CC4CCCC(C3)N4C)cccc2o1
176	CHEMBL3084773-CHEMBL3084782	CHEMBL3084782	CHEMBL3084773	[R1]c1nc2c(cccc2o1)C(=O)NC3CC4CCCC(C3)N4C	[R1]c1ccc(cc1)OC	[R1]N1CCNCC1C	7.72584215073632	7.782516055786092	0.0566739050497719	1.4718184200553623	-1	0.0	COc1ccc(-c2(~N3CCNCC3C)nc3c(C(=O)NC4CC5CCCC(C4)N5C)cccc3o2)cc1	COc1ccc(-c2nc3c(C(=O)NC4CC5CCCC(C4)N5C)cccc3o2)cc1	CC1CNCCN1c1nc2c(C(=O)NC3CC4CCCC(C3)N4C)cccc2o1
177	CHEMBL3084780-CHEMBL3084777	CHEMBL3084780	CHEMBL3084777	[R1]c1nc2c(cccc2o1)C(=O)NC3CC4CCCC(C3)N4C	[R1]c1ccc(cc1)F	[R1]c1ccccc1OC	7.787812395596043	7.826813731587727	0.039001335991684	1.4718184200553623	-1	0.0	COc1ccccc1~c1(-c2ccc(F)cc2)nc2c(C(=O)NC3CC4CCCC(C3)N4C)cccc2o1	CN1C2CCCC1CC(NC(=O)c1cccc3oc(-c4ccc(F)cc4)nc13)C2	COc1ccccc1-c1nc2c(C(=O)NC3CC4CCCC(C3)N4C)cccc2o1
178	CHEMBL3084781-CHEMBL3084777	CHEMBL3084781	CHEMBL3084777	[R1]c1nc2c(cccc2o1)C(=O)NC3CC4CCCC(C3)N4C	[R1]c1ccc(cc1)Cl	[R1]c1ccccc1OC	7.744727494896692	7.826813731587727	0.0820862366910342	1.4718184200553623	-1	0.0	COc1ccccc1~c1(-c2ccc(Cl)cc2)nc2c(C(=O)NC3CC4CCCC(C3)N4C)cccc2o1	CN1C2CCCC1CC(NC(=O)c1cccc3oc(-c4ccc(Cl)cc4)nc13)C2	COc1ccccc1-c1nc2c(C(=O)NC3CC4CCCC(C3)N4C)cccc2o1
179	CHEMBL3084782-CHEMBL3084777	CHEMBL3084782	CHEMBL3084777	[R1]c1nc2c(cccc2o1)C(=O)NC3CC4CCCC(C3)N4C	[R1]c1ccc(cc1)OC	[R1]c1ccccc1OC	7.72584215073632	7.826813731587727	0.1009715808514064	1.4718184200553623	-1	0.0	COc1ccc(-c2(~c3ccccc3OC)nc3c(C(=O)NC4CC5CCCC(C4)N5C)cccc3o2)cc1	COc1ccc(-c2nc3c(C(=O)NC4CC5CCCC(C4)N5C)cccc3o2)cc1	COc1ccccc1-c1nc2c(C(=O)NC3CC4CCCC(C3)N4C)cccc2o1
180	CHEMBL3084780-CHEMBL3084779	CHEMBL3084780	CHEMBL3084779	[R1]c1nc2c(cccc2o1)C(=O)NC3CC4CCCC(C3)N4C	[R1]c1ccc(cc1)F	[R1]c1ccccc1	7.787812395596043	7.82102305270683	0.0332106571107875	1.4718184200553623	-1	0.0	CN1C2CCCC1CC(NC(=O)c1cccc3oc(-c4ccc(F)cc4)(~c4ccccc4)nc13)C2	CN1C2CCCC1CC(NC(=O)c1cccc3oc(-c4ccc(F)cc4)nc13)C2	CN1C2CCCC1CC(NC(=O)c1cccc3oc(-c4ccccc4)nc13)C2
181	CHEMBL3084781-CHEMBL3084779	CHEMBL3084781	CHEMBL3084779	[R1]c1nc2c(cccc2o1)C(=O)NC3CC4CCCC(C3)N4C	[R1]c1ccc(cc1)Cl	[R1]c1ccccc1	7.744727494896692	7.82102305270683	0.0762955578101376	1.4718184200553623	-1	0.0	CN1C2CCCC1CC(NC(=O)c1cccc3oc(-c4ccc(Cl)cc4)(~c4ccccc4)nc13)C2	CN1C2CCCC1CC(NC(=O)c1cccc3oc(-c4ccc(Cl)cc4)nc13)C2	CN1C2CCCC1CC(NC(=O)c1cccc3oc(-c4ccccc4)nc13)C2
182	CHEMBL3084781-CHEMBL3084780	CHEMBL3084781	CHEMBL3084780	[R1]c1nc2c(cccc2o1)C(=O)NC3CC4CCCC(C3)N4C	[R1]c1ccc(cc1)Cl	[R1]c1ccc(cc1)F	7.744727494896692	7.787812395596043	0.0430849006993501	1.4718184200553623	-1	0.0	CN1C2CCCC1CC(NC(=O)c1cccc3oc(-c4ccc(Cl)cc4)(~c4ccc(F)cc4)nc13)C2	CN1C2CCCC1CC(NC(=O)c1cccc3oc(-c4ccc(Cl)cc4)nc13)C2	CN1C2CCCC1CC(NC(=O)c1cccc3oc(-c4ccc(F)cc4)nc13)C2
183	CHEMBL3084780-CHEMBL3084782	CHEMBL3084782	CHEMBL3084780	[R1]c1nc2c(cccc2o1)C(=O)NC3CC4CCCC(C3)N4C	[R1]c1ccc(cc1)OC	[R1]c1ccc(cc1)F	7.72584215073632	7.787812395596043	0.0619702448597223	1.4718184200553623	-1	0.0	COc1ccc(-c2(~c3ccc(F)cc3)nc3c(C(=O)NC4CC5CCCC(C4)N5C)cccc3o2)cc1	COc1ccc(-c2nc3c(C(=O)NC4CC5CCCC(C4)N5C)cccc3o2)cc1	CN1C2CCCC1CC(NC(=O)c1cccc3oc(-c4ccc(F)cc4)nc13)C2
184	CHEMBL3084781-CHEMBL3084782	CHEMBL3084782	CHEMBL3084781	[R1]c1nc2c(cccc2o1)C(=O)NC3CC4CCCC(C3)N4C	[R1]c1ccc(cc1)OC	[R1]c1ccc(cc1)Cl	7.72584215073632	7.744727494896692	0.0188853441603722	1.4718184200553623	-1	0.0	COc1ccc(-c2(~c3ccc(Cl)cc3)nc3c(C(=O)NC4CC5CCCC(C4)N5C)cccc3o2)cc1	COc1ccc(-c2nc3c(C(=O)NC4CC5CCCC(C4)N5C)cccc3o2)cc1	CN1C2CCCC1CC(NC(=O)c1cccc3oc(-c4ccc(Cl)cc4)nc13)C2
185	CHEMBL3084784-CHEMBL3084783	CHEMBL3084784	CHEMBL3084783	[R1]c1nc2cccc(c2o1)C(=O)NC3CC4CCCC(C3)N4C	[R1]c1ccc(cc1)F	[R1]c1ccccc1	7.022733787572707	7.393618634889394	0.3708848473166872	1.4718184200553623	-1	1.0	CN1C2CCCC1CC(NC(=O)c1cccc3nc(-c4ccc(F)cc4)(~c4ccccc4)oc13)C2	CN1C2CCCC1CC(NC(=O)c1cccc3nc(-c4ccc(F)cc4)oc13)C2	CN1C2CCCC1CC(NC(=O)c1cccc3nc(-c4ccccc4)oc13)C2
186	CHEMBL3093186-CHEMBL3093187	CHEMBL3093187	CHEMBL3093186	[R1]N1CCC(CC1)COc2c3cccnc3c4cccc(c4n2)F	[R1]CCCC(F)(F)F	[R1]CCC(F)(F)F	5.585026652029182	5.920818753952375	0.3357921019231931	1.4718184200553623	-1	6.0	Fc1cccc2c1nc(OCC1CCN(CCCC(F)(F)F)(~CCC(F)(F)F)CC1)c1cccnc12	Fc1cccc2c1nc(OCC1CCN(CCCC(F)(F)F)CC1)c1cccnc12	Fc1cccc2c1nc(OCC1CCN(CCC(F)(F)F)CC1)c1cccnc12
